k,Ek
1.0,1.3252158882675604
2.0,2.391031338552096
3.0,6.283051326606273
4.0,10.120252004247355
5.0,11.817738725845885
6.0,19.017777807499726
7.0,30.09523819619934
8.0,64.87755112565465
9.0,45.634157693968824
10.0,55.85840731943187
11.0,69.83429277487079
12.0,73.53076092000312
13.0,107.52788722817895
14.0,101.36974554668717
15.0,110.21659334240238
16.0,132.6013099386524
17.0,118.96207927781711
18.0,149.14782638678452
19.0,117.90017008550566
20.0,190.98465410964397
21.0,144.04114500950453
22.0,173.5201585067544
23.0,160.75277260958256
24.0,188.41157444252713
25.0,178.76074216056628
26.0,186.9719459134614
27.0,190.36717128977747
28.0,173.72611571389555
29.0,207.3438335892451
30.0,190.39761758470877
31.0,205.9810107240198
32.0,212.46074567101573
33.0,211.54831936430475
34.0,254.88088528818923
35.0,220.67616728115095
36.0,255.59409155129822
37.0,230.67213065863012
38.0,230.6181357538137
39.0,235.53080983287043
40.0,252.6641338215881
41.0,247.25925275882128
42.0,251.38881838018125
43.0,277.0841536071302
44.0,238.3971819846952
45.0,272.96749108768574
46.0,270.07092332903665
47.0,275.8779105706761
48.0,297.10080684594766
49.0,300.2159481346516
50.0,306.4704660141563
51.0,295.20905235773233
52.0,323.3536711506776
53.0,313.9331698958132
54.0,307.13137962270486
55.0,320.39901093718163
56.0,322.8963445628321
57.0,337.7547575265907
58.0,341.10747584880295
59.0,347.0829602615816
60.0,344.6856291363087
61.0,370.47395112984236
62.0,361.90434134223256
63.0,365.4080032971192
64.0,390.5651551677289
65.0,378.5065051773846
66.0,387.2914322932564
67.0,385.443819317673
68.0,391.1748938381734
69.0,390.434036260371
70.0,394.1019175162686
71.0,403.1385114909502
72.0,415.69368254614693
73.0,429.08128368811236
74.0,445.70668625241433
75.0,432.4311874769821
76.0,446.18205284295635
77.0,455.65313945153133
78.0,450.47463811347035
79.0,463.572803642719
80.0,480.25776768029243
81.0,473.5760018877476
82.0,480.8501564437421
83.0,488.1630549915248
84.0,491.095135772849
85.0,499.686343686393
86.0,510.0948965855055
87.0,512.016966354711
88.0,524.8209824375416
89.0,535.1036219849868
90.0,554.5608433653665
91.0,541.3218142223451
92.0,553.469445849233
93.0,561.2836237497886
94.0,555.1828443771384
95.0,570.8340767476583
96.0,576.4674094350719
97.0,590.2656305656989
98.0,597.5378630922568
99.0,607.0877744203449
100.0,615.0647570880166
101.0,620.9049854850473
102.0,632.2668825023239
103.0,640.9547255852397
104.0,644.3017814050409
105.0,665.1121735730984
106.0,671.1710930965075
107.0,669.1043115328231
108.0,678.4573884328057
109.0,689.7671151195227
110.0,685.5531361147523
111.0,705.3860797235125
112.0,709.0074989047444
113.0,720.0807208150401
114.0,732.7558235313741
115.0,743.7266147277752
116.0,759.8520387466939
117.0,764.7166844023293
118.0,772.9540682892963
119.0,779.1836537139665
120.0,792.2447449795911
121.0,799.2620492510541
122.0,816.0621470947491
123.0,815.8822748373857
124.0,827.4568299504424
125.0,843.8311025597761
126.0,845.1657412408882
127.0,870.6600591124499
128.0,882.918439769757
129.0,890.6700741712195
130.0,892.0418497145079
131.0,905.4594936134185
132.0,922.5740236686752
133.0,924.2459744203588
134.0,940.6615088172396
135.0,941.2287320523313
136.0,957.1832975157591
137.0,978.1871036008845
138.0,980.7183002212297
139.0,993.0494598145609
140.0,1012.8825523783727
141.0,1016.5910886551256
142.0,1036.8697709482778
143.0,1039.732349331778
144.0,1065.8246715484688
145.0,1069.2677945226665
146.0,1084.909593946974
147.0,1095.6491483568552
148.0,1109.055637797547
149.0,1120.2541082599637
150.0,1134.175688931896
151.0,1137.2601230051014
152.0,1152.727625926322
153.0,1173.8722005060656
154.0,1193.2709977328313
155.0,1196.9508466795353
156.0,1214.9709520478666
157.0,1228.13223590382
158.0,1240.685953337809
159.0,1247.7626731167788
160.0,1273.7679313452918
161.0,1287.3071518020536
162.0,1298.0813353139397
163.0,1319.10795033854
164.0,1320.9311421470402
165.0,1347.3274378644712
166.0,1355.498571707779
167.0,1374.0905186993448
168.0,1390.9274894306443
169.0,1407.0222268366201
170.0,1428.979464426777
171.0,1437.672946970484
172.0,1451.3562027808948
173.0,1466.5429600472105
174.0,1484.7000083776609
175.0,1491.4466918524765
176.0,1506.6590489196544
177.0,1531.2067936472563
178.0,1552.3020023250117
179.0,1566.6651827388553
180.0,1587.4328585345768
181.0,1606.9207525870465
182.0,1619.7129786798619
183.0,1637.264204033814
184.0,1654.4722428655114
185.0,1678.9834190616339
186.0,1692.260234942705
187.0,1713.942873783757
188.0,1732.7807250326143
189.0,1740.9104179540839
190.0,1753.4629266567401
191.0,1784.9828474500607
192.0,1801.373628411303
193.0,1814.9314060427228
194.0,1842.211286295294
195.0,1861.6963201933077
196.0,1887.2639259457064
197.0,1898.4177244915354
198.0,1915.8751629410808
199.0,1930.3171790975737
200.0,1953.6740760184089
201.0,1977.6193943329274
202.0,1996.3211236043273
203.0,2014.674891149712
204.0,2040.592232888432
205.0,2063.0873242491716
206.0,2075.088011894191
207.0,2108.6867682863603
208.0,2140.277102220019
209.0,2155.262027661543
210.0,2174.878766849467
211.0,2190.4663083923297
212.0,2222.1305232820514
213.0,2244.018231112022
214.0,2263.5894320852967
215.0,2272.3358644183677
216.0,2308.805831213059
217.0,2332.8551851306565
218.0,2346.917792905309
219.0,2375.469663425537
220.0,2394.4114072622
221.0,2431.2689990536123
222.0,2437.7180036854265
223.0,2470.7142900543026
224.0,2477.6300944093405
225.0,2526.902472771651
226.0,2552.727300408508
227.0,2561.416314765361
228.0,2599.124086069693
229.0,2620.276194681783
230.0,2641.9367056844762
231.0,2657.460654159871
232.0,2705.5013621207518
233.0,2726.5459326209398
234.0,2762.419006248801
235.0,2756.661330474583
236.0,2809.2098678049806
237.0,2831.1746661758316
238.0,2851.2850912410217
239.0,2889.8168943329633
240.0,2903.0938590718984
241.0,2944.604453934039
242.0,2968.6544359757477
243.0,2988.452847857601
244.0,3036.4242248782148
245.0,3047.32693120022
246.0,3080.6237528811785
247.0,3096.71169153926
248.0,3134.9842170568363
249.0,3173.8292706989373
250.0,3190.517708519585
251.0,3221.3079979772842
252.0,3270.654413116557
253.0,3296.022516713297
254.0,3315.6809374082777
255.0,3335.997057199568
256.0,3142.8581762958797
257.0,2824.6273397080613
258.0,2748.437030633647
259.0,2712.764240783378
260.0,2680.879246798114
261.0,2672.73688117779
262.0,2642.520107712119
263.0,2631.9030852610163
264.0,2611.106575923429
265.0,2605.488915824512
266.0,2577.6675167220856
267.0,2575.141277233019
268.0,2557.404271435
269.0,2556.970145082126
270.0,2536.4234765802003
271.0,2518.6605357839176
272.0,2516.590106538029
273.0,2503.7055671398457
274.0,2501.052581782673
275.0,2482.8474964606453
276.0,2472.4734700874687
277.0,2476.013135706209
278.0,2443.122224050467
279.0,2436.2908675692597
280.0,2443.4985377997955
281.0,2416.40876726203
282.0,2410.9349559919715
283.0,2396.6290716137732
284.0,2384.0323103021333
285.0,2375.5794947368922
286.0,2351.190417166817
287.0,2357.607363391287
288.0,2332.439313413635
289.0,2331.418587676407
290.0,2317.766521629256
291.0,2303.892386808703
292.0,2292.3494144590554
293.0,2270.0177156352206
294.0,2269.1966675217054
295.0,2241.7258265984187
296.0,2238.9365307754147
297.0,2227.4415273628288
298.0,2204.7251347595507
299.0,2199.024036733845
300.0,2173.606038485597
301.0,2176.6958672749083
302.0,2143.8667460236675
303.0,2148.0699876692674
304.0,2123.510834554306
305.0,2113.408098999254
306.0,2104.5604097267915
307.0,2083.3292921415946
308.0,2069.4702868825498
309.0,2051.2753508215596
310.0,2034.3879437862304
311.0,2022.7049163199374
312.0,1994.65193772137
313.0,1980.646526874646
314.0,1964.7415449064385
315.0,1943.2191754834082
316.0,1927.0626513467773
317.0,1891.1182066520958
318.0,1904.0251333118165
319.0,1858.997351601677
320.0,1854.1640406479294
321.0,1846.7485300489548
322.0,1816.4645985624538
323.0,1803.0175017711313
324.0,1774.0663110041235
325.0,1763.9622192521435
326.0,1742.5918200124281
327.0,1720.0722178715403
328.0,1702.8824516304637
329.0,1681.1187420409685
330.0,1657.9193006279147
331.0,1627.853742935804
332.0,1613.6472068915482
333.0,1588.4330540178028
334.0,1559.4391022622408
335.0,1541.2228958495255
336.0,1515.6169875304174
337.0,1487.9606395960814
338.0,1470.5768098087078
339.0,1438.4341167292068
340.0,1421.7397919790321
341.0,1389.8336365126672
342.0,1373.8119327087545
343.0,1336.2694620995053
344.0,1313.2143601544747
345.0,1293.9620703586502
346.0,1258.7427612829165
347.0,1240.502007546229
348.0,1206.762255189136
349.0,1189.6160397117628
350.0,1153.026857593777
351.0,1119.1967303162407
352.0,1105.3885449720037
353.0,1063.483032382554
354.0,1045.8468283199609
355.0,1012.7646346307805
356.0,976.4318851304814
357.0,947.7642058868892
358.0,909.3268210841879
359.0,888.9079545292115
360.0,844.2872142885142
361.0,820.0275454144336
362.0,783.7435191903228
363.0,758.0985202073427
364.0,727.4500086701368
365.0,703.0885023540944
366.0,678.4926528677806
367.0,663.0083156765622
368.0,633.0824668920911
369.0,618.7252966392197
370.0,599.5955039201616
371.0,579.5937969087727
372.0,560.9189299737262
373.0,540.3509148324855
374.0,526.5633833165281
375.0,508.60800171042104
376.0,483.9322521122371
377.0,478.02576397295013
378.0,454.82519773895456
379.0,438.3185652989005
380.0,427.4742699810232
381.0,406.7635903664696
382.0,398.4360953763563
383.0,377.7506152894872
384.0,361.78323752334524
385.0,358.61213228629
386.0,339.2144876660706
387.0,331.37570469595295
388.0,312.9307420685107
389.0,303.5773514633065
390.0,296.585037275837
391.0,275.74316201999216
392.0,271.89823393306597
393.0,261.18179023186184
394.0,248.69366986001563
395.0,238.09143630927284
396.0,232.5513690991653
397.0,223.46000131731824
398.0,208.62583740096795
399.0,199.3162473135496
400.0,196.36893133649224
401.0,180.02167365119422
402.0,170.69893701807072
403.0,165.47048879851803
404.0,155.19104009232404
405.0,149.67075965666547
406.0,136.10858414981377
407.0,134.11410190513436
408.0,127.27953757200598
409.0,116.79531752108213
410.0,108.61606567153497
411.0,106.63538777643402
412.0,99.70305516641959
413.0,92.89099212064883
414.0,84.02957849863091
415.0,84.25689779211714
416.0,74.92178588368812
417.0,67.68497338891251
418.0,67.73175751159549
419.0,59.44771811863933
420.0,54.33754018056568
421.0,47.11116776283162
422.0,46.248074342857244
423.0,45.21227273316202
424.0,33.90979990866076
425.0,30.883851923059304
426.0,33.84703062583137
427.0,27.361239880971507
428.0,22.48175837779579
429.0,17.083057822875812
430.0,19.649388101581813
431.0,16.85826869986772
432.0,10.445380090121969
433.0,9.007091226753376
434.0,10.12269999150526
435.0,7.637062915336635
436.0,4.723959626154396
437.0,3.3730973252146517
438.0,3.5427197560029873
439.0,1.9788741572975905
440.0,0.6246858756957634
441.0,0.7506962016728138
442.0,0.2691146576611801
443.0,0.025030498608289816
444.0,0.0
445.0,0.0
446.0,0.0
447.0,0.0
448.0,0.0
449.0,0.0
450.0,0.0
451.0,0.0
452.0,0.0
453.0,0.0
454.0,0.0
455.0,0.0
456.0,0.0
457.0,0.0
458.0,0.0
459.0,0.0
460.0,0.0
461.0,0.0
462.0,0.0
463.0,0.0
464.0,0.0
465.0,0.0
466.0,0.0
467.0,0.0
468.0,0.0
469.0,0.0
470.0,0.0
471.0,0.0
472.0,0.0
473.0,0.0
474.0,0.0
475.0,0.0
476.0,0.0
477.0,0.0
478.0,0.0
479.0,0.0
480.0,0.0
481.0,0.0
482.0,0.0
483.0,0.0
484.0,0.0
485.0,0.0
486.0,0.0
487.0,0.0
488.0,0.0
489.0,0.0
490.0,0.0
491.0,0.0
492.0,0.0
493.0,0.0
494.0,0.0
495.0,0.0
496.0,0.0
497.0,0.0
498.0,0.0
499.0,0.0
500.0,0.0
501.0,0.0
502.0,0.0
503.0,0.0
504.0,0.0
505.0,0.0
506.0,0.0
507.0,0.0
508.0,0.0
509.0,0.0
510.0,0.0
511.0,0.0
512.0,0.0
