rho,pdf
1.3669610021165848e-13,32756220398.33911
1.4972474794335577e-13,78212338537.71027
1.6275339567505303e-13,108809210328.78456
1.7578204340675032e-13,183947222035.8127
1.8881069113844758e-13,350070668279.45654
2.0183933887014486e-13,546937382829.92145
2.1486798660184215e-13,731689785702.3413
2.2789663433353943e-13,1053322930797.9884
2.409252820652367e-13,1354094572399.7212
2.5395392979693396e-13,1845474477503.7446
2.6698257752863127e-13,2422459745190.69
2.8001122526032853e-13,2696294427895.0176
2.930398729920258e-13,2778862062776.1943
3.060685207237231e-13,2728282066585.686
3.1909716845542036e-13,2827648701648.804
3.321258161871176e-13,3172009905814.1367
3.4515446391881493e-13,3249380464386.303
3.581831116505122e-13,3009290178561.6055
3.7121175938220945e-13,2633490322639.6543
3.842404071139067e-13,2416237893271.452
3.97269054845604e-13,2286201188159.3867
4.102977025773013e-13,2239976488312.3447
4.2332635030899855e-13,2183687028007.713
4.363549980406958e-13,2164692080089.57
4.493836457723931e-13,2153748940537.499
4.624122935040903e-13,2127068175542.651
4.754409412357876e-13,2080843475695.6091
4.88469588967485e-13,1930494254023.6794
5.014982366991823e-13,1742594326062.704
5.145268844308795e-13,1607250747254.8179
5.275555321625767e-13,1510043460798.9646
5.40584179894274e-13,1360170027803.212
5.536128276259713e-13,1244699776007.9495
5.666414753576686e-13,1131352273691.0151
5.796701230893659e-13,1046186100655.3335
5.92698770821063e-13,982503616305.4899
6.057274185527603e-13,929837469765.5905
6.187560662844577e-13,897410641527.6816
6.31784714016155e-13,870949471306.4535
6.448133617478523e-13,851259139938.5133
6.578420094795496e-13,811109895494.9624
6.708706572112467e-13,751599711843.9017
6.83899304942944e-13,681146388640.77
6.969279526746413e-13,632432948026.0333
7.099566004063386e-13,587086627273.4723
7.229852481380359e-13,558319711929.2325
7.360138958697331e-13,529003809650.9425
7.490425436014304e-13,509642870443.43256
7.620711913331277e-13,486073031408.20306
7.75099839064825e-13,490867517298.90967
7.881284867965223e-13,491270107717.2133
8.011571345282196e-13,480839355970.25616
8.141857822599167e-13,477435636979.1438
8.27214429991614e-13,462942381920.21387
8.402430777233113e-13,419572414130.2342
8.532717254550087e-13,396844355060.5486
8.66300373186706e-13,364490725080.51306
8.793290209184033e-13,307725476099.70416
8.923576686501004e-13,267795826429.7735
9.053863163817977e-13,218057610204.80942
9.18414964113495e-13,186143169772.01422
9.314436118451922e-13,156680870977.97736
9.444722595768895e-13,133294027587.43134
9.575009073085866e-13,114116084024.60486
9.70529555040284e-13,100171815899.72531
9.835582027719813e-13,85934754743.35222
9.965868505036786e-13,76894769895.98935
1.0096154982353759e-12,65439242538.80484
1.0226441459670732e-12,54715697760.35416
1.0356727936987703e-12,41979200890.38543
1.0487014414304676e-12,36489331549.88167
1.061730089162165e-12,30889664822.567833
1.0747587368938622e-12,26570967608.038208
1.0877873846255595e-12,23496640777.356102
1.1008160323572569e-12,19031547047.07971
1.1138446800889542e-12,15371634153.410532
1.1268733278206513e-12,12407104709.538502
1.1399019755523486e-12,11345729970.374441
1.152930623284046e-12,10796743036.324064
1.1659592710157432e-12,8344601397.565718
1.1789879187474405e-12,7466222303.085116
1.1920165664791376e-12,7539420560.9585
1.205045214210835e-12,5746063243.060604
1.2180738619425323e-12,4904283277.516694
1.2311025096742296e-12,4940882406.453385
1.2441311574059269e-12,4245498956.6562424
1.2571598051376242e-12,3476917248.985716
1.2701884528693213e-12,3184124217.492182
1.2832171006010186e-12,3110925959.6187983
1.296245748332716e-12,2342344251.9482718
1.3092743960644132e-12,2305745123.01158
1.3223030437961105e-12,1866555575.771279
1.3353316915278077e-12,1939753833.6446624
1.348360339259505e-12,1573762544.277745
1.3613889869912023e-12,1354167770.6575947
1.3744176347228996e-12,1244370383.8475194
1.3874462824545969e-12,731982578.7338349
1.4004749301862942e-12,768581707.6705266
1.4135035779179913e-12,402590418.3036092
1.4265322256496886e-12,182995644.68345872
