k,E_ux,E_uy,E_uz
1.0,0.011551114278071506,0.022727560441991087,0.014740450034287957
2.0,0.08964573401598593,0.06256023214289487,0.04931772046227718
3.0,0.16751816671323583,0.16048300733159673,0.17120519356150593
4.0,0.5426499454196557,0.4542383022100732,0.3797872268353535
5.0,0.9048056359852668,0.7714297468022855,0.8366707393690307
6.0,1.4515667895123965,1.5201721738097618,1.4178583505831615
7.0,1.8446701091467292,1.8004457710799153,1.667385431089009
8.0,2.487085377230377,2.4347169366409473,2.52816397490523
9.0,3.6899397805803575,3.6877856494625916,3.7764996927538914
10.0,4.124452641696141,3.7557860865488846,4.0797794597563
11.0,4.566680634948869,4.564808335669863,4.803319073402539
12.0,5.544783305289836,5.182061863728438,5.700924447283494
13.0,5.808108280343415,5.931386708745607,5.9176982584824644
14.0,6.099318868662129,6.55064099054579,6.342154325009812
15.0,6.16589170857736,6.214109097199334,6.178663760557998
16.0,6.936266523542911,6.608839014578692,6.917695810395728
17.0,6.495489276515088,6.1951968575159,6.513775717096577
18.0,6.3836171965729225,6.640079782123746,6.574049952213849
19.0,5.549983785180193,5.670651174094223,5.975793591462717
20.0,5.843378514295049,5.746775809430282,5.761594616955092
21.0,5.424581939484033,5.423117056553953,5.585206522554295
22.0,4.812024490580839,4.834004621487651,4.820726852720914
23.0,4.458589108043988,4.520558605309946,4.6142226157323085
24.0,4.158976388127247,4.309228823079253,4.389909882050035
25.0,4.042417256103381,4.074605337722632,4.148879917108254
26.0,3.8277393518339977,3.8505046326587578,3.851655281074881
27.0,3.449737530652315,3.4395136091459446,3.4472486262551048
28.0,3.3515126910043342,3.3742586690258953,3.4483556745188353
29.0,3.177546862065515,3.1476597900434795,3.227254947958262
30.0,3.0574932918641404,2.984941130216656,3.071685452347925
31.0,2.933242457311045,2.935948364417557,3.03163427862507
32.0,2.7303481859465615,2.777253068027018,2.8075961129089246
33.0,2.7824804077749925,2.7662399389136105,2.7686377150355415
34.0,2.678189252710672,2.6379295943560597,2.705068729064656
35.0,2.4726213797203296,2.474352159601208,2.4673061069819546
36.0,2.4372725302323786,2.421167627254702,2.4644385959428283
37.0,2.305281999874617,2.2846378553313555,2.349078777887374
38.0,2.2629200498532067,2.245569636857198,2.2373900398566793
39.0,2.086536279926698,2.1215980660185796,2.1364433179488813
40.0,2.0088484668192956,2.0480789914589024,2.1171882211189934
41.0,1.988991230665911,2.0030704965408623,2.0299240665571823
42.0,1.8990511805629298,1.90183287274741,1.9265568850714323
43.0,1.850029844709628,1.8317714978261996,1.8450986885087668
44.0,1.7307038891783977,1.7227500346708697,1.7560249881029786
45.0,1.7385257699394068,1.7166617327854075,1.7551884665006146
46.0,1.6111014604272822,1.592492215436151,1.6305085173812173
47.0,1.562267048713279,1.5242586592671814,1.5702275570835225
48.0,1.5422452527368538,1.5365712344500067,1.549736891259156
49.0,1.4801512105960541,1.4845438460669262,1.5036068724465603
50.0,1.4411063115847622,1.4204118566518327,1.4457296400260429
51.0,1.370246696232567,1.353776880822769,1.3706011806350953
52.0,1.329328204022066,1.3160089658341658,1.3491462538189527
53.0,1.2736682026792914,1.293082145614818,1.3133045192521666
54.0,1.2449699367967106,1.2303422737770235,1.2494783486923864
55.0,1.1983000764660692,1.1938568409494752,1.2081387756590807
56.0,1.1619948412004737,1.1577718395064922,1.167446961531028
57.0,1.1719917074738788,1.1367577813082632,1.1648871343196738
58.0,1.0957188642301756,1.1028750904689317,1.107231748923404
59.0,1.0551522955207784,1.0476798362931405,1.0767451496871587
60.0,1.0533263385733858,1.043551642517447,1.0587944245148548
61.0,1.0100860228598878,0.9962821709900873,1.0153805532527695
62.0,0.9867224695076103,0.9715153928114194,0.9868530506853406
63.0,0.9237913061783815,0.9295058856104764,0.9489938227060908
64.0,0.9274061312564963,0.9144127564792002,0.9358931058702653
65.0,0.914705146376631,0.9122154115912987,0.9221635074455143
66.0,0.8677292060619527,0.8620946829468634,0.8844256951128445
67.0,0.8560139715590889,0.8487932890172042,0.8717583730521115
68.0,0.8248948740795158,0.8136737613316195,0.8251185792905034
69.0,0.8198605308277692,0.8126284844741515,0.829543170352282
70.0,0.776824177505604,0.7743504776465708,0.7872052938237215
71.0,0.753493113281209,0.7514090999724778,0.7556912655658302
72.0,0.755962423254302,0.7457022043527053,0.752091147658293
73.0,0.7290911273321758,0.7131451779780359,0.7273806035493787
74.0,0.7159335486291977,0.7151686495299809,0.7218125530834324
75.0,0.6878371653124877,0.678500274110635,0.6894410235706421
76.0,0.6802964637247056,0.6775346290807688,0.6769119900784495
77.0,0.662695065087192,0.6605824688126848,0.6768255455606496
78.0,0.6368369714188801,0.6312121053311042,0.6452521244917983
79.0,0.6291266339450341,0.6240138555340754,0.6293390699260196
80.0,0.6105613923023574,0.6076811960790084,0.6135675956716607
81.0,0.6111178869259313,0.5997838065803777,0.6078804943893408
82.0,0.5862173144230473,0.5848456876900354,0.5908483058731068
83.0,0.569168055148792,0.5608342109544189,0.575682614635151
84.0,0.5562248611083959,0.5462503493515453,0.5613762172202341
85.0,0.5520891422100619,0.5490066161322419,0.5553983532911335
86.0,0.5339583090768644,0.5314761196236772,0.5402679448450556
87.0,0.5210586996132862,0.5098182587648392,0.5227125689867044
88.0,0.5167234538640358,0.5055781560315372,0.5174225557397839
89.0,0.5078424514649266,0.5003477513000435,0.5032603448031352
90.0,0.49923137035123183,0.4947482285974155,0.5002384825412381
91.0,0.48069596353571203,0.47841636917549113,0.48043483614866916
92.0,0.4744757443980058,0.4692984410194418,0.47521305615812726
93.0,0.46240521011900537,0.4593409472145116,0.46592547488681013
94.0,0.4522927497767869,0.4472015796229458,0.45239138304068194
95.0,0.4397723080337829,0.438287464365057,0.44204475521084075
96.0,0.43645561497673296,0.4328015181824184,0.4379831253804627
97.0,0.42998700124010863,0.42491689087082984,0.43029796022149236
98.0,0.4249065421828065,0.418834845045476,0.4246706640533025
99.0,0.4073752450896806,0.40089029342948806,0.41081926682889874
100.0,0.40380839105791544,0.3974903892906809,0.40494029336491827
101.0,0.3958652461375184,0.3889425364041273,0.40121808203798354
102.0,0.3880505373479888,0.38273041065181695,0.3876819196037181
103.0,0.3809819854797632,0.37865432975437824,0.3819854028253419
104.0,0.36631757596856057,0.3627594885053177,0.3689555318328278
105.0,0.37451237435160023,0.36773248442128204,0.37320412725074714
106.0,0.3587948766881007,0.35303482582418394,0.35991412680884355
107.0,0.3551135102581842,0.34963114185531813,0.3534676801218131
108.0,0.3493159185013605,0.34048558355350594,0.3472433559319148
109.0,0.34437746144763376,0.34420087669810984,0.34388996504466596
110.0,0.33547243846954183,0.331599063349297,0.3343701232705395
111.0,0.32530003119686607,0.3214787434667917,0.32802096138607134
112.0,0.32535760128134095,0.32093369656028825,0.32484162293877783
113.0,0.3199265243243862,0.3150325653193644,0.3182984994277552
114.0,0.31462471201161846,0.31196072784233536,0.3172799368585125
115.0,0.3046863579167344,0.3013433351431624,0.3052428029879783
116.0,0.30527298681731296,0.30114455961787795,0.3037149189802415
117.0,0.3011412393614671,0.29535478534866283,0.3012395908051686
118.0,0.2917222673778669,0.28678683429850144,0.2933567305300927
119.0,0.28741688806192217,0.28155324347597244,0.2862330023240922
120.0,0.28517959774399754,0.28161351814899305,0.2840781795462222
121.0,0.2806820189448553,0.275973605497818,0.2805539824966251
122.0,0.2758393305066005,0.2721052340354238,0.2747742795079747
123.0,0.27128493297871675,0.2689184239330881,0.2696141280795493
124.0,0.26665099771215867,0.26270872640212256,0.2654932228782956
125.0,0.2644199571293972,0.2602461939827256,0.2641488529866484
126.0,0.2564103502086774,0.25206984525535375,0.25610521989728724
127.0,0.2527004423186674,0.25108271587707076,0.25328807837712025
128.0,0.24966022643827385,0.2468298965231947,0.24993578857511622
129.0,0.249210170674281,0.24401465803883696,0.24930539462610043
130.0,0.24437154842774467,0.23912257124974462,0.24253571251325337
131.0,0.2377217393343101,0.23431539236074372,0.2367123172668693
132.0,0.2378586426387314,0.23545676006935087,0.23895579160975355
133.0,0.23157113377542762,0.2275916367368434,0.23091585309071042
134.0,0.23066824571894626,0.227160782645781,0.2276544780299369
135.0,0.2238196960210649,0.21978227430108133,0.22344121181206544
136.0,0.22328629057838467,0.21959914794164298,0.2225984694001387
137.0,0.22242521909957153,0.21842362132258564,0.22127078728586957
138.0,0.21630157928098698,0.21160581499076042,0.21515550482323753
139.0,0.2115127954256293,0.20857899186927464,0.21058965916599204
140.0,0.20992048798701082,0.20805117300866735,0.21071927456651648
141.0,0.20781596717597167,0.20540360748156572,0.20653779268188224
142.0,0.20700354596817308,0.20277183486445002,0.20599740141600995
143.0,0.19986690167698118,0.19642071273438894,0.19960320417956254
144.0,0.19943095636661162,0.19586687110417833,0.19906270864125752
145.0,0.1979171274830411,0.19430973199743273,0.19607861886632955
146.0,0.19434535496553584,0.19101414999583638,0.19351001830197123
147.0,0.19131235154926607,0.1880566247573318,0.19046296425324394
148.0,0.18950860156526295,0.18593423092991238,0.1880378779086188
149.0,0.18824667683089677,0.183973567023491,0.18695033548836051
150.0,0.1838630839612022,0.18070464453700555,0.18261803756563166
151.0,0.18062747967823842,0.1772307884281625,0.1787945346072952
152.0,0.17944142557788864,0.17595756657193085,0.1786707773222623
153.0,0.1779813394978052,0.17410523549253967,0.17676706325227604
154.0,0.17543202430941862,0.17247849682070152,0.17520705562298233
155.0,0.17136741536388425,0.169291695111848,0.17025315548204092
156.0,0.17038022938230338,0.16817881904848345,0.17010884069462875
157.0,0.16938115926345468,0.1658441814926868,0.16806546156490887
158.0,0.16594158221654995,0.16337294136297373,0.16471941794845946
159.0,0.1641570539760742,0.16134199577423172,0.16239815045956055
160.0,0.16278350117141696,0.15906157722578876,0.16184153297384601
161.0,0.162108687496179,0.15903243797639302,0.16048716236559712
162.0,0.1570705873409032,0.1549286467237621,0.1566580344364374
163.0,0.1576722835864493,0.1539393242839354,0.15561028562271478
164.0,0.1530833069693927,0.15129154241972975,0.1528663953201873
165.0,0.15404658307206037,0.15070079838640824,0.15267661291911178
166.0,0.1498294065717288,0.1465138715772394,0.14856041657905839
167.0,0.15055136643276806,0.14695551447972954,0.14900538786772574
168.0,0.14760670846124774,0.14392454360820253,0.1464596016814979
169.0,0.14585393909326583,0.14319964729152568,0.1446985018670188
170.0,0.1457619275046566,0.14204903786765347,0.1441700385901984
171.0,0.1420215527020828,0.13943009721454613,0.1410018642670918
172.0,0.14123770427935387,0.1379433286549644,0.13921782175966863
173.0,0.13938447112152066,0.13649290754002738,0.13818971311409925
174.0,0.13821283223450914,0.13575097774106046,0.13716701779029578
175.0,0.13479499887441773,0.1325293881214249,0.13351339652785688
176.0,0.13503310372965807,0.13249980498145048,0.1342269475380235
177.0,0.13329003718485313,0.13092143029880765,0.13251683596449812
178.0,0.1322279251935854,0.12992819669277628,0.13075683668631422
179.0,0.130205317865634,0.1275638562462945,0.1287428624929341
180.0,0.1287548836847885,0.12634161703318914,0.1276148313999254
181.0,0.1282561123755172,0.1250394021345541,0.1268424205049723
182.0,0.1258410205096248,0.12351384027207052,0.12517750754529083
183.0,0.12489486508455698,0.12249613287794858,0.12442258901519654
184.0,0.12319429422133621,0.1205162806355782,0.12191263549552388
185.0,0.12239902726487921,0.11961490156737077,0.12102760744862513
186.0,0.12134118602354066,0.11823798475463906,0.11926235731787428
187.0,0.12024974604116413,0.11743188416236895,0.1184367508907436
188.0,0.11855620402499999,0.11626620798729931,0.11773584979786937
189.0,0.11773349476797412,0.11505067969450562,0.11588796976049526
190.0,0.11530127210305745,0.11289908932061624,0.11404773571943559
191.0,0.1150200142556959,0.11281397470073773,0.11337311529609592
192.0,0.11395292499489737,0.11104764279159034,0.11280683321770037
193.0,0.11254590283354635,0.10910633938852893,0.11120717345050815
194.0,0.11159648780887571,0.10932584896334756,0.11059711573984107
195.0,0.11004960333633614,0.10785925950880842,0.10940671398457737
196.0,0.10989420926827818,0.10714515770754471,0.10836660453417664
197.0,0.10804751186319081,0.10581470782919948,0.10678798996968304
198.0,0.1074622198121587,0.10429126151612941,0.10594688883653185
199.0,0.10580865912261228,0.10352971062516066,0.10427613238098486
200.0,0.1048364511863066,0.10267303288791307,0.10366537537354877
201.0,0.10437430152630164,0.10222018229022425,0.10313242402651836
202.0,0.10300216706722498,0.10109589579839069,0.10189769394616938
203.0,0.10176898854334221,0.09940799570396498,0.10001937743472097
204.0,0.10075907074291555,0.09865823984386919,0.09967177275608068
205.0,0.1005305263711893,0.09803618392868635,0.09912168175473714
206.0,0.09853166687331309,0.09638553415334515,0.0973770491396949
207.0,0.09822814890403435,0.09612666586651163,0.09677605374385059
208.0,0.09761569627060074,0.09501585364414913,0.09606434626840094
209.0,0.09672944390175514,0.0943576102935053,0.09534551215527724
210.0,0.09535448475118109,0.09291849175374216,0.09435021046996933
211.0,0.09427930964972323,0.09220286196386068,0.09311031576078654
212.0,0.09370263867934268,0.09131034440586874,0.09248299536428965
213.0,0.09276909388102865,0.09049935644493434,0.09192398006748012
214.0,0.09237049335195205,0.09009563301870108,0.09096816222929378
215.0,0.09102364303569534,0.08860862932461464,0.08942043900383974
216.0,0.0901876870296406,0.08806061651798308,0.0886894810762903
217.0,0.0903300940681029,0.08759647275647874,0.08887997067689843
218.0,0.08848920122192691,0.08646318236852228,0.08709826000705193
219.0,0.08812645727092562,0.08578507746481989,0.0867336481846643
220.0,0.08721132564627407,0.08495886885001626,0.08577781499322246
221.0,0.08679040405141782,0.08493853496810559,0.08557298916668658
222.0,0.08538097819198479,0.08330202610690271,0.08418923418617674
223.0,0.08503518377934756,0.08276135423176535,0.08379058832873329
224.0,0.08403328606186677,0.08187106757101736,0.08258470481691117
225.0,0.08378297911958006,0.08178191267373633,0.08238952427281239
226.0,0.08272924325450567,0.08079141449371735,0.08162870388678602
227.0,0.08172530168497147,0.07994737340119605,0.08055591621510974
228.0,0.08103109781530787,0.07949626223244265,0.08014391999680694
229.0,0.08069650046147885,0.07858894375367238,0.07951235180430129
230.0,0.0800493811206559,0.07770469348674613,0.07870608920501199
231.0,0.0789635096924401,0.07703259288852007,0.0775582707496957
232.0,0.07892066412165553,0.0768479492426605,0.07770909021792806
233.0,0.0781806347132635,0.07613463611087833,0.07659437768972592
234.0,0.0779720283046067,0.07558290598185106,0.07631916249692774
235.0,0.07623932278966666,0.07407388100516848,0.07496040528247351
236.0,0.07637331684637545,0.07409949757414937,0.07494193588047177
237.0,0.07554308650768027,0.07344273290103076,0.07426435357435043
238.0,0.07458856706113073,0.07277134856443708,0.07362901937181746
239.0,0.0743669185497584,0.0725820246786717,0.07299409219315203
240.0,0.07326484032592735,0.07161320376597896,0.07231492167475859
241.0,0.07330762926162888,0.07136272915146176,0.07204508701067394
242.0,0.07255671357190471,0.07053950828910786,0.07112470772587522
243.0,0.07198249816032988,0.06988089554362836,0.0705498282440622
244.0,0.07151519193395628,0.0697587790919504,0.07016901883467884
245.0,0.07059366895591102,0.06897248008965648,0.06983193387740233
246.0,0.07012508460696025,0.06821486709718594,0.06889571427522272
247.0,0.0693865035678028,0.06748473922911459,0.0681828055699013
248.0,0.06938602582190476,0.06745371057729077,0.06802435898797621
249.0,0.06858934491401292,0.06691456789254062,0.06724954139208802
250.0,0.0677841250771182,0.06597586376260443,0.06659684129635388
251.0,0.06743179137657902,0.06564904885011243,0.06619093089318792
252.0,0.0671449735966065,0.06535693838563011,0.06586315189392797
253.0,0.06658700173591398,0.06473078182020314,0.06553480188978715
254.0,0.06597360491463321,0.06397812572938978,0.06456659201161938
255.0,0.0652413092169911,0.06354957801361469,0.06404520899790143
256.0,0.0653561140261304,0.06372145172794351,0.0640364942187944
257.0,0.06452129157859156,0.06288696134161213,0.06322964362036645
258.0,0.06414842004078838,0.0621440147597888,0.06275826265024503
259.0,0.06356213493664062,0.06189408545368855,0.06223214099149993
260.0,0.06327051795451216,0.061276691234678625,0.062019033001342774
261.0,0.06279983864148245,0.06106689811562926,0.06156531194647045
262.0,0.06202644171181132,0.06029929291388603,0.06099843944291846
263.0,0.06164226209589401,0.06002210226622162,0.06031697444207894
264.0,0.0611702580708715,0.059455345816407094,0.060001138144688285
265.0,0.061122745804747254,0.059522597224106244,0.05992527932490897
266.0,0.06012731240816358,0.05849572609300081,0.05900318069486716
267.0,0.05979915490530194,0.05819521366219432,0.058718611487922415
268.0,0.05981011833985145,0.058009243258510375,0.058285706027597466
269.0,0.059250332735061764,0.05769669552901324,0.05811524644348109
270.0,0.05871562062153202,0.05696888494010956,0.057326151080079955
271.0,0.05824142941951631,0.056454243281760914,0.05680109966739746
272.0,0.057751592764859104,0.05626518189789486,0.05684382178023822
273.0,0.05771189730916714,0.05602151225356696,0.05635098465500536
274.0,0.057203972443021237,0.055562286736133226,0.0559752907431925
275.0,0.05651066754502465,0.054999641585865365,0.05544005682317417
276.0,0.0562722981603993,0.05473856455595201,0.05498255667004725
277.0,0.05602711086077002,0.05452070047915162,0.054848351962963504
278.0,0.055410107339068225,0.053846392149536015,0.05427802458711924
279.0,0.05486755676400486,0.053384208154257796,0.05374157063944225
280.0,0.054973004791979696,0.053318032225468014,0.053982842406117545
281.0,0.0544211278735592,0.05290071751204652,0.05319372294437037
282.0,0.05412418854791603,0.052521018842597036,0.052885991439504204
283.0,0.05366215278902669,0.05223218797377281,0.052493269821199603
284.0,0.05342414161615239,0.05191724898667067,0.052199019744966296
285.0,0.05309732889602285,0.0516119380684575,0.0518799869043825
286.0,0.052335405388105015,0.05093063602334757,0.05119549593536239
287.0,0.05242708330063709,0.05083953181083523,0.051048410043199564
288.0,0.05187785543648415,0.05052521132949682,0.05070684364614892
289.0,0.051779062489233606,0.05039378275961008,0.05051992870697957
290.0,0.051316430328371625,0.04978058542086109,0.05013787859834644
291.0,0.05105332644908121,0.0496611630691639,0.04973773155876326
292.0,0.050552375034947146,0.049355772348251434,0.04961815068253837
293.0,0.05021848737648809,0.04868487723078201,0.04908430587128101
294.0,0.050096548741178214,0.04857637733166234,0.04889815219972902
295.0,0.04954915071903164,0.048020065791304696,0.048499713929704244
296.0,0.04941471846927989,0.04787609258021186,0.04815035873895098
297.0,0.04912643926119847,0.047763252185357395,0.04786994269631622
298.0,0.04871686346311331,0.04725774611592465,0.04755763655875203
299.0,0.048540744285133886,0.04706829559893517,0.04725492937473962
300.0,0.04797235888826203,0.0466310158908899,0.046825390267520986
301.0,0.04797233190311429,0.04660956218208136,0.04683726174208175
302.0,0.047521824364101746,0.04612493361903908,0.04628088310280142
303.0,0.04729594204164786,0.046090610897018186,0.0461660310560021
304.0,0.04692923360295552,0.045572477032397446,0.04578673471553585
305.0,0.046661455705971626,0.045326740575025705,0.045650999713755455
306.0,0.046530615127170195,0.04520441097457513,0.045375951785891336
307.0,0.046036823320869794,0.044857453149174185,0.04489676758042976
308.0,0.045836025864711125,0.0445405106495798,0.044712638075137374
309.0,0.04566759390459923,0.044375568363338405,0.044367834941759485
310.0,0.045369335972099495,0.04409536262463206,0.04422773882238169
311.0,0.045088090270958114,0.04382390183542857,0.043783029272027464
312.0,0.04480860413740468,0.043544894158037785,0.04373905679385096
313.0,0.04435721186243429,0.043143491639876144,0.04325273186344523
314.0,0.044471380170664036,0.043183748688841124,0.04326392335033229
315.0,0.04404210170839206,0.042705581144549934,0.0428720830061162
316.0,0.043730201572864495,0.042475084069029743,0.042710722144347506
317.0,0.04326295523588245,0.04203425940221713,0.042094163814136686
318.0,0.043493652696425265,0.04221277354717833,0.04232212530508991
319.0,0.04295600247786303,0.04169887048203106,0.041746718981388355
320.0,0.04280514645587694,0.041595366228021034,0.04173025988376332
321.0,0.04271620014107617,0.04148776409316063,0.04161726190653847
322.0,0.04229292574162541,0.04110462392159833,0.041105920062651485
323.0,0.04212388506816359,0.0409400865302953,0.041005995493240126
324.0,0.04183769377159163,0.04078085850883037,0.040713876677474926
325.0,0.04158444018755671,0.040403145385949135,0.04041931541174402
326.0,0.04153006826579709,0.04037399712426733,0.04030386742369142
327.0,0.04120727462910679,0.04009987027165709,0.039953230096104984
328.0,0.04086141323183954,0.039769917280384336,0.039713667324150353
329.0,0.04076993905342934,0.039635627589859265,0.03967996509529704
330.0,0.040511135988866465,0.03945769795425529,0.03939901024378946
331.0,0.04027763111782923,0.03915815505193497,0.03914709592722076
332.0,0.04004140303473593,0.03891877802107745,0.038942671609167895
333.0,0.03995219164757347,0.03882894951264122,0.03880840117517175
334.0,0.03962668706700969,0.03837231319161491,0.038427430003470375
335.0,0.039488066092245075,0.03845472483792677,0.03828116949040781
336.0,0.03927111205192911,0.03813303811321451,0.03814012306989419
337.0,0.03914911362911025,0.03794282205610018,0.03797026823432465
338.0,0.03894451365787665,0.03783456744381981,0.037797774628300834
339.0,0.03853677425174543,0.03750549857302393,0.037445492589367385
340.0,0.0384598754560637,0.03742350644232261,0.03733939148774932
341.0,0.03826670731637907,0.037262129213899875,0.03725401442115646
342.0,0.038164068366268025,0.037090246631973196,0.03704011640750225
343.0,0.03787341339794594,0.03680889839421301,0.03671998823210877
344.0,0.03760479586747238,0.03669729675692381,0.036532598955198406
345.0,0.03762900752552057,0.03664799707836991,0.03652804989262158
346.0,0.03727473032472069,0.03632909668973879,0.03605903394895674
347.0,0.03706516860281007,0.036186276266787054,0.03597346372617025
348.0,0.03694359063486346,0.035987589493569734,0.03587103341598775
349.0,0.036903417934501456,0.03591900011479192,0.03580367480215404
350.0,0.03674577680232567,0.03575517964131745,0.03547250911770683
351.0,0.03613623614485905,0.03524095883810326,0.035032218833531734
352.0,0.036512001646214966,0.035518766208291475,0.03531416606299938
353.0,0.03603429519033425,0.035070042767737016,0.034888028282745065
354.0,0.036039406412000895,0.035069979734520466,0.03488934876062374
355.0,0.035774909577035933,0.03474820839350408,0.0346232701182684
356.0,0.03564535704115942,0.03462399751428691,0.03452957877519527
357.0,0.03548614442138854,0.03451741598568148,0.03431519602078651
358.0,0.035131012188837206,0.03421877459569888,0.034069399091221315
359.0,0.03520751799608477,0.03429629852223197,0.034062369995073206
360.0,0.03485778562208248,0.034023682887302585,0.03371973628653471
361.0,0.034923950692885244,0.03411974290377322,0.03386326385086166
362.0,0.0346163615530253,0.03377221293200351,0.033464383928137637
363.0,0.0345176319798119,0.03357528706547213,0.03340679452242884
364.0,0.03429369083405314,0.03342465283402138,0.03317297668468498
365.0,0.03421081265812801,0.033393172041699136,0.033070631439252714
366.0,0.03403709978127654,0.03323889847246288,0.03293273885902362
367.0,0.03389370357997618,0.03305350783557994,0.03276309329253699
368.0,0.03368968605354401,0.03291150541124692,0.03253348042388155
369.0,0.03371086598617964,0.032956630223425584,0.03264217800622309
370.0,0.03348670558579314,0.03265816281350774,0.03233776134139332
371.0,0.03327029831907784,0.03243823054149736,0.032177671933780516
372.0,0.03322414975340715,0.03239203684931021,0.03214546765903137
373.0,0.03310577830104839,0.03232627945689044,0.03197386116996622
374.0,0.03296814810014591,0.032182089221044964,0.03184581153585789
375.0,0.0327533957402967,0.031918238542010695,0.03161207659412424
376.0,0.032733762824010165,0.03190919288437555,0.0315375134693624
377.0,0.03262660656422562,0.03181870357568106,0.031439700148507416
378.0,0.03236002327784294,0.03164518107375623,0.031231815421330637
379.0,0.03219334097565262,0.031534775920049496,0.031090622357964805
380.0,0.032091915912158035,0.03135544249059081,0.030945880961509686
381.0,0.03206205954505411,0.031376102534795995,0.030962966171359095
382.0,0.03187120088383024,0.031143217914999886,0.030681188793695954
383.0,0.03172762420140258,0.03102084733657622,0.030663165080720717
384.0,0.03161104376706983,0.03084141169815117,0.03037986375686444
385.0,0.03163531393604659,0.030909476226437877,0.030556594293142583
386.0,0.03147000992690204,0.03076312185828649,0.030328677785324616
387.0,0.031233436417505093,0.030584411195029894,0.030165096847294924
388.0,0.031226247064187283,0.03059227044915631,0.030079318511783713
389.0,0.03109468094941506,0.0304325144808213,0.02989570171440646
390.0,0.03095448467582529,0.03034743371421239,0.029883161977300298
391.0,0.03082770706887023,0.030194482259929833,0.029675486509609383
392.0,0.030763208048954827,0.0300603241322567,0.02959310338560449
393.0,0.030679857461945678,0.030017891885776558,0.02954304591360658
394.0,0.03051287253614817,0.029941369868997036,0.02942359469402129
395.0,0.03030066106959251,0.02975091497681203,0.029226894925717256
396.0,0.03035418196083442,0.029794518224488867,0.029208877062012455
397.0,0.030263812775880538,0.029663211612766686,0.02916479289973093
398.0,0.0300595020038885,0.02948035226356707,0.028907203321889754
399.0,0.029967044941459853,0.029353100374031767,0.02881315870019389
400.0,0.0299942062453488,0.02937607987542615,0.028882754765595146
401.0,0.02984148213563647,0.029255167565789122,0.028695103020282806
402.0,0.029666791734360102,0.02909969531211333,0.02854843377942237
403.0,0.02965088317544123,0.02906673819661053,0.02850385060218886
404.0,0.02951376286635257,0.02890112009408653,0.028389001152133594
405.0,0.029490413092055197,0.02895166583563969,0.02838402576559792
406.0,0.029263954099202613,0.028792222037266543,0.02809221662245591
407.0,0.02927965948261082,0.02872230461950385,0.028134167806312043
408.0,0.029255752009125353,0.0287392551551372,0.02805534385124377
409.0,0.029067914435905833,0.028558984865614263,0.027894999688723617
410.0,0.02906057364580756,0.028514994683653688,0.02789321104986688
411.0,0.028821757597551706,0.028348817379378173,0.02774182169476674
412.0,0.02895567961153164,0.028478441316543174,0.027797275182098128
413.0,0.02866405512305287,0.028229460311806166,0.02753119239136933
414.0,0.028618160947575546,0.028191071619087852,0.027542755415723628
415.0,0.02855626585328549,0.028111168704666723,0.027423544736778105
416.0,0.02856020918242634,0.02806315586179168,0.02739330510578349
417.0,0.02848441227490698,0.028068050497240263,0.02734308847487581
418.0,0.028311624233368398,0.02784430198601803,0.02716730409049482
419.0,0.028252359235424674,0.02780845452548892,0.027126853510029605
420.0,0.028182155586858566,0.02776418920940672,0.0270705361971271
421.0,0.0282227854633572,0.027739294401016096,0.026966632934451906
422.0,0.02808825329423581,0.027685181278431108,0.026941138871860712
423.0,0.027956064669883603,0.0275271751155723,0.02678994005741744
424.0,0.02791413751459308,0.027531032840080842,0.02679223244961775
425.0,0.02791776857246965,0.02750867594076339,0.026726799393849036
426.0,0.02776405087207312,0.0274101920683489,0.026609753580193487
427.0,0.027750309599122915,0.027345706983300987,0.026615786353982686
428.0,0.027565805790078918,0.027194388481173982,0.026425353762839266
429.0,0.02765638305023369,0.027320234427634663,0.026492557447744165
430.0,0.027511803452360574,0.027190470248476924,0.02637162925796562
431.0,0.027402715544180205,0.02712716362304933,0.02628217776301899
432.0,0.02741951803162395,0.02705067080497337,0.026269005418206173
433.0,0.02733015813289337,0.02701558760407891,0.02615995645474999
434.0,0.027437273797958114,0.0270983468016621,0.02620303677610339
435.0,0.02722001922305354,0.02685453264434055,0.026050088575026484
436.0,0.027179771191619663,0.02678273800609464,0.02600386310463883
437.0,0.02715876413362313,0.026836187217693357,0.025970041026628202
438.0,0.02708308252537283,0.026796208306016138,0.025938112539303778
439.0,0.027043954750709906,0.0267318986853069,0.025835490292019033
440.0,0.026902415837501047,0.026645042528812213,0.025713450467604565
441.0,0.02703167702391154,0.026750846026355458,0.025873128629922543
442.0,0.026827972807820233,0.02653847649079908,0.02568927405050394
443.0,0.026833594413747244,0.02654032219793454,0.025663798686212484
444.0,0.026781885996824288,0.02651112302329007,0.025573413024889496
445.0,0.026791451979050175,0.026479378542010587,0.0255818058686068
446.0,0.026644703756975415,0.026411733281494917,0.025454672235720066
447.0,0.02661126916777587,0.026384825827981684,0.02544596142851688
448.0,0.02667085664543948,0.026414170955624244,0.025467565280152427
449.0,0.026590864656703322,0.026372925310044922,0.025399462633909374
450.0,0.026611102397503292,0.026397483480789356,0.025390416394908362
451.0,0.026379503877048866,0.026222083627902678,0.025246656855185293
452.0,0.026486944006392787,0.026294308969457572,0.02526247718528859
453.0,0.02632339895777196,0.026154712057819232,0.02518537728848643
454.0,0.026397266312226556,0.026231937765860528,0.025221371316157103
455.0,0.02631841327488177,0.026075200971657286,0.02508462265882739
456.0,0.026342178463327467,0.026140682879534263,0.02508873903856403
457.0,0.02630076294860597,0.02617159407733573,0.025117054973608634
458.0,0.026251236823828933,0.026167215655838953,0.025100479909252807
459.0,0.026207402632522376,0.02607539796979769,0.02497540558068034
460.0,0.0262136073039054,0.026107338823063514,0.024997781071209934
461.0,0.026146413094168975,0.02595670545315932,0.02494699484934603
462.0,0.02621019590298766,0.02600813482207487,0.024908318619111365
463.0,0.026130797030889583,0.025948605338804772,0.02486225790650229
464.0,0.02602931366298784,0.025935718990665414,0.02482985506542443
465.0,0.026129003689952076,0.026000951286884157,0.024932662979590084
466.0,0.025968670173443443,0.02587605003809516,0.024795916525141272
467.0,0.025978265606321608,0.02598069682609519,0.024757027215008543
468.0,0.025966779256496146,0.025869982421843372,0.02477164500716968
469.0,0.02595036444853022,0.02589245745173465,0.024758676918932444
470.0,0.025961787910453397,0.025893030371380642,0.02478944730269659
471.0,0.025928442825049792,0.025870306280573917,0.02470847736275487
472.0,0.025966595119738194,0.025917663618164395,0.02475273354108732
473.0,0.025872758578560504,0.025827506086536625,0.024665285027068953
474.0,0.0259214592981983,0.025875042772626786,0.024657662338592023
475.0,0.02587600527141335,0.025853322719892786,0.02462883973478032
476.0,0.025844402693651083,0.025809795173930002,0.02458060045286948
477.0,0.025916091531716087,0.025925113898660684,0.024659459018273808
478.0,0.02578570927223573,0.025789574799330434,0.024512114748495427
479.0,0.025803161233247836,0.025822582012405147,0.02456934180340586
480.0,0.025879223107989045,0.025857797644361497,0.02458189161142044
481.0,0.0258058180020268,0.025822324191906897,0.024567493499999295
482.0,0.025950542735039737,0.025964420220440945,0.02462486499923421
483.0,0.025819615079686904,0.025844650509594214,0.02453949579085993
484.0,0.025798886492447555,0.02585679990695239,0.024561857752814054
485.0,0.025840956964353137,0.02588546745398691,0.02458138988342313
486.0,0.02581416098271639,0.02587319604273462,0.024533150860812182
487.0,0.025818208586846303,0.025909326010515692,0.024579774543583146
488.0,0.025806515856660966,0.025861666932633497,0.024540869147601528
489.0,0.02586402085596535,0.025910561670231615,0.02454800204596755
490.0,0.025804823047183463,0.0259554411985429,0.024578482323245488
491.0,0.02579382514824028,0.025805369832743532,0.024484999316539958
492.0,0.025885066753258464,0.0259963649043768,0.02462202370474035
493.0,0.025833476905726023,0.026007111191435672,0.024531968811839843
494.0,0.025856757541156888,0.02601356272627225,0.02455749779434836
495.0,0.02578583769521209,0.025919446090401674,0.024484389196351406
496.0,0.02591653446851433,0.026088516856903627,0.02461758427664377
497.0,0.02596367290012545,0.026085392217663983,0.024650987205749725
498.0,0.025883212175506484,0.025982919737507174,0.024553147657414974
499.0,0.025890453795903948,0.026039134272224346,0.024583825659508764
500.0,0.025965054028602937,0.02614576713150841,0.024653310995863167
501.0,0.026008051668667435,0.026163872137346812,0.02470335937460793
502.0,0.02590324166384168,0.026135344065839797,0.024591952108544445
503.0,0.025965248463287207,0.026149382586809003,0.024630893149836897
504.0,0.026060775834147062,0.02626165179227759,0.02468928207409577
505.0,0.0260862234810427,0.026316342123035588,0.024743563874236454
506.0,0.026078009372484633,0.026285961959586546,0.024754819884763652
507.0,0.02605544170088331,0.026259284141481123,0.024673050948092544
508.0,0.02611121161313846,0.02635292170101454,0.024763473883045548
509.0,0.02621654537789984,0.026384258000927238,0.02480028773897198
510.0,0.026151672015403714,0.02640388709990732,0.02483171808399749
511.0,0.02618728526414132,0.026475028357683058,0.0248021051647302
512.0,0.026082065203270697,0.026375370802488154,0.024737850938435196
513.0,0.02612678285414036,0.026370619114006844,0.024775094937655555
514.0,0.02586726284669881,0.026090980667628407,0.0245159725007788
515.0,0.025603846898324276,0.025868538943253565,0.024301295868890536
516.0,0.025464382230665283,0.025693844778042884,0.024122080324164782
517.0,0.025351737389401458,0.025553955133367202,0.023957697086483015
518.0,0.025132241394921713,0.02534468233813788,0.023816505405713898
519.0,0.024981524672753684,0.025161384566882106,0.023629414555847723
520.0,0.024697316394914032,0.024940959153467366,0.023424341785426305
521.0,0.024692682088325986,0.02493165233469357,0.02342179551239313
522.0,0.024422829967362013,0.024653236210499436,0.02312956863632016
523.0,0.024327872789910745,0.024521206161103433,0.023021073765790354
524.0,0.024117630742870367,0.024277967697409062,0.02285403294153155
525.0,0.02397929988521351,0.024160810458195486,0.022759615837741973
526.0,0.023751838619569362,0.023905329596150843,0.02245159725230202
527.0,0.023697125662888435,0.023863327546328823,0.022400720622072948
528.0,0.023490325859820537,0.023713005748449662,0.0222624973363676
529.0,0.023355357379084334,0.023584830569868716,0.022097227590933376
530.0,0.02327390420983799,0.023461966358307537,0.021980675830272724
531.0,0.023066031846820566,0.02323967226014941,0.021767912728588332
532.0,0.02291780506401583,0.02310130874902952,0.021672583912173356
533.0,0.022762818978597683,0.022949754280481294,0.021527826201531958
534.0,0.02261462573961729,0.022826355179793763,0.021416554461746336
535.0,0.02243993541344869,0.022649572958518823,0.02120462324908765
536.0,0.0223263140244728,0.022555959453060322,0.021097370125078188
537.0,0.022134199097524853,0.022351949387361826,0.020928726303833595
538.0,0.02203509661885773,0.02229565641585776,0.02086079965180175
539.0,0.021860505435089637,0.022104749606973798,0.020706083955800727
540.0,0.021716605073843962,0.021996438589475746,0.020550916365395848
541.0,0.021588754221815137,0.021863692253362346,0.02039756694503773
542.0,0.021480987631249678,0.02173716033692999,0.020325616730810202
543.0,0.021292915760333857,0.021585741331889587,0.020167507932439602
544.0,0.02111058937657225,0.021460572590149524,0.0200184690037567
545.0,0.02106450533013031,0.021354817850351655,0.019947809851749657
546.0,0.020880855881002133,0.021166546913066298,0.019736247343621324
547.0,0.020745013961333606,0.0210792050747672,0.01964769386047406
548.0,0.020581247065553553,0.020976157191405897,0.01954031264258508
549.0,0.020420456107305297,0.02078272275850999,0.019346920810910124
550.0,0.02036549227682503,0.020693741174064015,0.019300466200646352
551.0,0.020133464613470743,0.02052230870140032,0.01910773498560751
552.0,0.02008734134390204,0.020477412319822946,0.019045411603537152
553.0,0.019926794234469334,0.020289573703671075,0.018876555438816434
554.0,0.019759548369616853,0.020192389601122712,0.018747270839768133
555.0,0.019646842298485106,0.020047801769195104,0.018661847917830737
556.0,0.01952292092385952,0.019970883613020907,0.018513910609972338
557.0,0.01940612616960959,0.01985816645852838,0.018403691752417968
558.0,0.01919695882005423,0.019715922070029677,0.018245674176405036
559.0,0.01913554218315521,0.01959614587781495,0.018166841078098482
560.0,0.019001537415648907,0.019506892862783422,0.01802704770714928
561.0,0.01889459348626025,0.01945922617045503,0.01792870406414901
562.0,0.018775730294079578,0.019315585337088707,0.0178622046256928
563.0,0.01855513085444257,0.01908911926592116,0.017621323823175012
564.0,0.018562589443452397,0.01908467677738457,0.01761532176712133
565.0,0.018410960072949577,0.01898185351257292,0.017491236119061438
566.0,0.018271834501492532,0.018820808830820237,0.017339072272666286
567.0,0.018082376536290645,0.01864404229385289,0.017176576463789266
568.0,0.01804927611256503,0.01861832679985935,0.01714717876964819
569.0,0.017911166614395863,0.01849901149698782,0.016998091510244135
570.0,0.017791893388112687,0.018370074582950733,0.016903302249126
571.0,0.01764733801419208,0.018232731990996034,0.0167717279635633
572.0,0.017565285765503914,0.018186683247844955,0.016666837987246375
573.0,0.017446132009662857,0.018058248626398536,0.016562432504866786
574.0,0.017316842067215173,0.017962179241293518,0.01645303880326626
575.0,0.017171859856291685,0.017840235801765497,0.016331856827117273
576.0,0.017096920516236354,0.01778266074589757,0.016280534948490806
577.0,0.01697328580942614,0.017664141602089962,0.016148308302412415
578.0,0.016872158785502828,0.01752960534671316,0.0160479176910429
579.0,0.01678070479941299,0.017450797253543406,0.01596076913140837
580.0,0.01661085307632848,0.017345283833187723,0.01581809344029991
581.0,0.016567945770882768,0.01732204872427702,0.01579671432150436
582.0,0.01639138070162017,0.017114948033648054,0.015609769490530844
583.0,0.016314847939909945,0.01707758892308593,0.015545871843155283
584.0,0.0161885960640871,0.016923038838017164,0.015401690898616512
585.0,0.01615045245827933,0.01687996079821701,0.015358155886275962
586.0,0.015993339608691166,0.01675255390926642,0.01521252502869867
587.0,0.015887189669205333,0.01664395577241739,0.015123265463809724
588.0,0.015781113520076297,0.016561452433884048,0.015036721993364567
589.0,0.015686233558408435,0.016449020840830067,0.014920334015394526
590.0,0.015553348452497716,0.016345297199428944,0.014830884901472057
591.0,0.01547650216036309,0.016248435578816424,0.014738391544872354
592.0,0.01537580197430392,0.01613556597276139,0.01464144702128163
593.0,0.015280848648905991,0.016061964915241228,0.014564548477404352
594.0,0.015206796616922442,0.016006908790203278,0.014489375926128832
595.0,0.015017123975154588,0.015836533366085804,0.01431605417184483
596.0,0.014961754276430652,0.01577831875102169,0.014273660861663338
597.0,0.014866734064622984,0.015713711770253495,0.014187827536081197
598.0,0.014747260507743191,0.015592068267255633,0.014071657203833167
599.0,0.014674226853671153,0.015487318798390817,0.014004954464244797
600.0,0.014541926451956618,0.01537644282326775,0.013862534976386861
601.0,0.014490673510506511,0.015372175367757528,0.013826370136401903
602.0,0.014362451692713671,0.015211274212974525,0.013733621645424172
603.0,0.014258769432157538,0.015128541694495254,0.01364253662175324
604.0,0.014139441788431744,0.014997445073017908,0.013499293642177154
605.0,0.01412159532755623,0.014981815143452593,0.013481655041664325
606.0,0.013944023206048425,0.014824626289686555,0.01334189006022059
607.0,0.013858951698746964,0.014727980242116443,0.013243943770079987
608.0,0.013738271606144863,0.014629197664571091,0.013160635983610135
609.0,0.0136616137053763,0.01455469028553745,0.013085582187747481
610.0,0.01361251342150733,0.014500506906426841,0.013034159109142934
611.0,0.013455062460247824,0.014346466920509159,0.012881599298014435
612.0,0.013425162238177258,0.014324850419352162,0.012825325126088397
613.0,0.01329920065705943,0.014211846723755472,0.012736283990327852
614.0,0.013200906634036318,0.014093818557048825,0.012625566691068615
615.0,0.013075561561199444,0.013997447963065582,0.012561126571783685
616.0,0.013005162065050068,0.01392658748111772,0.012470530383765078
617.0,0.012908134889915268,0.013839250260393489,0.012387496032925271
618.0,0.012790098876276069,0.013743240968243036,0.012267713605568624
619.0,0.01272197264981131,0.013655651926303762,0.012192003807704417
620.0,0.01264363016132667,0.01357455208272418,0.012143292019874834
621.0,0.012533043532531526,0.013479305166894363,0.012061002102232335
622.0,0.012402429760276067,0.013358622155561325,0.01193124809675043
623.0,0.01231484258013977,0.013294647810616993,0.011868699008805252
624.0,0.012226222808155954,0.01319743167979682,0.011765077938397258
625.0,0.01218002961239808,0.013129978410677555,0.011727332931615743
626.0,0.012044589548672541,0.01300236637916107,0.011588280615027443
627.0,0.011991914557367957,0.012925311439591919,0.011528643536480462
628.0,0.011923651750267444,0.012878576255777667,0.011486144155884054
629.0,0.011784604437707059,0.01275166064402302,0.011371956626524092
630.0,0.01167372998998028,0.012663563913262368,0.011249701345710683
631.0,0.011608421358784036,0.012565043240378035,0.011182478458356978
632.0,0.011519002007447854,0.012472972281568165,0.011113068012277636
633.0,0.011432384909194215,0.012402155076626035,0.01103040507887457
634.0,0.01134561861320723,0.012322442183092771,0.010931218682881669
635.0,0.011240510841146838,0.012238003757193,0.010864729852897926
636.0,0.011152153285456757,0.012162249574891707,0.010774256575403202
637.0,0.011061383244640606,0.012059492898600404,0.010694066174257047
638.0,0.010951832377106138,0.011905371912461908,0.010570966601917699
639.0,0.01088530339184358,0.011890430330867304,0.010527620495623814
640.0,0.010773592328338247,0.011788727549248588,0.010440750697966725
641.0,0.010702242437827166,0.01171006679889983,0.010356745295416771
642.0,0.010625424148443354,0.011606002407638902,0.010265913552794501
643.0,0.010529197445443346,0.011517215326844915,0.010204904637136176
644.0,0.010453989907936037,0.011461105826024552,0.01012859941868551
645.0,0.010346315014519625,0.011349818112174883,0.010033938609399782
646.0,0.010253491376156472,0.011256377816847766,0.009962660802538966
647.0,0.010198151892190588,0.011168772108832332,0.009883412333539501
648.0,0.010062768461752454,0.01108157846037344,0.009770664174535556
649.0,0.009982193372234627,0.011012548103732691,0.009723465685605628
650.0,0.009917373880731726,0.01094002106690852,0.009640747717056508
651.0,0.009817789645635126,0.010815665734352458,0.009547406287359542
652.0,0.009726671433682402,0.01073599211060321,0.009455693061888603
653.0,0.00964168745547261,0.01063662746224196,0.00940064813498702
654.0,0.00959867258316042,0.01057254763381371,0.009336843835605391
655.0,0.009441494206749189,0.010467309803243091,0.009199549483636287
656.0,0.009396608448638051,0.010404423673792193,0.009149453224932725
657.0,0.009309123914180355,0.010311298218368698,0.009065937246912131
658.0,0.009232628477627361,0.010230921990985246,0.00898485634417892
659.0,0.009133507683061867,0.01014119922941859,0.008911078786907669
660.0,0.009026683817362843,0.010035792128673343,0.008792754549839066
661.0,0.008989915542564723,0.009976783488976938,0.008783685101780979
662.0,0.008875238891876068,0.009865961427107838,0.008665824464966809
663.0,0.008790922901582133,0.00979451738363199,0.00857670296684931
664.0,0.008720833567759791,0.009705792821187036,0.008518847470475432
665.0,0.008638563024065427,0.009606739113736348,0.008437789624431768
666.0,0.008554742973472617,0.009543442646156024,0.008373275190804694
667.0,0.008444416062685532,0.009402184679069635,0.008243575227212955
668.0,0.008400646490281815,0.009350178401174445,0.008206823791859521
669.0,0.008306102188119401,0.0092756482000872,0.008142850616427314
670.0,0.008219497967551658,0.00918470557991945,0.008055580006208157
671.0,0.008123062522057233,0.009084053179708533,0.007932021885494937
672.0,0.0080704447860302,0.009017557266315566,0.007880365046751546
673.0,0.007964651127255544,0.008917563862971207,0.007807172884442636
674.0,0.007907591771393682,0.008835074967180088,0.007740410289211755
675.0,0.007811969097557248,0.008740121785164888,0.007640215118579803
676.0,0.0077380377869809445,0.008649912225926214,0.007579015804211042
677.0,0.007649657595517276,0.008559801576078161,0.007477500318110456
678.0,0.007583251231839128,0.008506144185449215,0.007442598547749256
679.0,0.007470872075293117,0.008364671395324761,0.007309404462644395
680.0,0.0074155900784548855,0.008317841850695626,0.007283373276843409
681.0,0.007328842930045325,0.008227598054126314,0.0071786592322358785
682.0,0.007239244135401266,0.008116747838970564,0.007107191687924161
683.0,0.007175097069140782,0.008050393004568923,0.007027847675481482
684.0,0.007066463203662489,0.007943819310643724,0.0069483468503396375
685.0,0.007023576662350208,0.007880289642423662,0.006893337500631293
686.0,0.006922123228615227,0.0077642483297310876,0.006776574879531053
687.0,0.006849307743451749,0.007700998377841748,0.006709194689483403
688.0,0.006766098855778849,0.007620392586703549,0.006642018601149678
689.0,0.006677255897822285,0.007492998188342106,0.006560698709215242
690.0,0.006601911509273827,0.007427515129541955,0.00648857605020544
691.0,0.006523259750407623,0.00732020714187512,0.006404356447086963
692.0,0.006455606953802964,0.007249238068459561,0.006324765287101195
693.0,0.006373309567925415,0.007161031439211422,0.0062626014272843394
694.0,0.006268685725103944,0.00704657669171046,0.006158075654114447
695.0,0.006191026394588435,0.006982448998589466,0.006088958619031698
696.0,0.006094987975757155,0.006873288756218796,0.005985952420296906
697.0,0.006048664444946767,0.006810271626666542,0.005944048359624919
698.0,0.0059467116107740576,0.006686430741000249,0.005853437626823156
699.0,0.005866381304457754,0.006600202473428983,0.0057662676598837235
700.0,0.005805954303882294,0.0065193857948353294,0.00569972857761401
701.0,0.005678022235944652,0.0064217180878274795,0.005587805547949239
702.0,0.005640421672251675,0.0063517250568948325,0.00554919895046662
703.0,0.005525298058465193,0.006225231411671724,0.00544115991676765
704.0,0.005454845503685165,0.0061421747480324695,0.005382382227354395
705.0,0.005387114561593323,0.006053854131471104,0.005277235274463194
706.0,0.005288920513128801,0.00595151894387091,0.005211350289639095
707.0,0.0052123168425068835,0.0058734740243589325,0.0051386903574410355
708.0,0.005119471061378954,0.005742617906591838,0.005015678002761535
709.0,0.005077997471525334,0.005709181308142679,0.004981699892855975
710.0,0.004951449562152276,0.005582845333107208,0.004884915778865371
711.0,0.004866665757063884,0.005490061242960672,0.004792668265619792
712.0,0.00480183988099277,0.005383486375468419,0.004719442436965539
713.0,0.004694388462792235,0.005280067572776203,0.004641907110128614
714.0,0.004654753972920294,0.005226203500851119,0.0045693133489317925
715.0,0.0045215610576410555,0.005090625574129594,0.00443644618874167
716.0,0.0044636347212047974,0.005030380982015379,0.004384168998265609
717.0,0.004375794710031188,0.004929462216993668,0.004298117553749492
718.0,0.004289439650391308,0.0048213052881670064,0.0042167770421694985
719.0,0.004203296717266792,0.004725876766882396,0.0041292495135758864
720.0,0.004112942108642971,0.0046252254532700085,0.004037225498725865
721.0,0.0040504227799418,0.004534409691622166,0.003962830802453187
722.0,0.00394698506493638,0.0044498277236428765,0.0038679104791684627
723.0,0.003861460399990516,0.004329950352288892,0.0037930292301984092
724.0,0.00377203582380871,0.004220808619173779,0.003682206439211736
725.0,0.00372116312005236,0.004158914516774275,0.0036249002272568044
726.0,0.003620078062139327,0.004048923320531833,0.0035442184578346352
727.0,0.0035358485177574405,0.0039728997549517645,0.0034721707646610213
728.0,0.003475139017095057,0.003892875394043017,0.003405952119023258
729.0,0.0034171267766604616,0.003829259718830777,0.0033578810467049637
730.0,0.003352956272517448,0.003759841570007242,0.003270849018481289
731.0,0.0032773534999320526,0.0036569603187746745,0.0032055790378853967
732.0,0.0032324518261761244,0.0036039418863866067,0.003156625571220982
733.0,0.003159078968590259,0.003530055852049025,0.0031007680136819265
734.0,0.0031057241894598916,0.0034764473286403373,0.0030337259562239305
735.0,0.003032913727179986,0.003399421364291528,0.0029727341301888357
736.0,0.0030094554336449475,0.0033649803112241455,0.0029423968117542596
737.0,0.0029298891671186555,0.003284223955997473,0.0028666930670295495
738.0,0.002875315537015978,0.003222389852941123,0.0028103433452615133
739.0,0.002828528955202249,0.003157454376176264,0.002762018105588057
740.0,0.0027819831628719312,0.003111566336886223,0.002715691120910543
741.0,0.0027201829132689455,0.003055781463559997,0.002658315138051305
742.0,0.0026750526875305137,0.00300230338495506,0.002612522717123751
743.0,0.0026227070257118508,0.0029445813560715654,0.002563609063824045
744.0,0.002573636938281016,0.002888520275325589,0.002520408172784233
745.0,0.002539574686822717,0.002832716523234219,0.002468651335943134
746.0,0.0024834032114013547,0.0027712990677324005,0.0024265534153922012
747.0,0.002439436153074558,0.00273063043427529,0.002382422136476037
748.0,0.0024026422340394727,0.002674155008685153,0.002340970951589267
749.0,0.002345046082525379,0.0026308473393691773,0.002296270286241541
750.0,0.0022971599114023837,0.0025747103131619088,0.0022485206980482095
751.0,0.0022737394371433626,0.002543467636203055,0.002214457735507737
752.0,0.002226655738489363,0.0024732821421725717,0.0021708081033071903
753.0,0.002179596003219238,0.0024405349273887026,0.0021392934975986164
754.0,0.002142087067045011,0.002391986497466222,0.002095625466926819
755.0,0.002100128932697035,0.0023563480839673117,0.0020505966861382938
756.0,0.002072286262613776,0.002310927530917204,0.0020121739274529724
757.0,0.002016080526128195,0.0022525437897024303,0.0019713106274808216
758.0,0.001991806367432236,0.002229118381374965,0.0019412236548397765
759.0,0.0019473854821813886,0.002178966960510327,0.0019063046367568761
760.0,0.0019154629887397406,0.0021345140232291093,0.0018595146390981898
761.0,0.0018727560018739872,0.002104845671696308,0.0018249022837313197
762.0,0.0018477760418328234,0.002060711318685211,0.0018092314596521203
763.0,0.0018065014254847005,0.0020240088601791995,0.0017568926456304887
764.0,0.0017621677757693399,0.0019776414561525984,0.001724758610400508
765.0,0.0017415618470211993,0.0019397138441417548,0.0016992199054709643
766.0,0.001704885569495744,0.0018969198615534973,0.0016521239239389212
767.0,0.0016844287219501652,0.0018717991853108868,0.0016312498448917546
768.0,0.0016302098609029818,0.0018235274113379363,0.0015888654074146188
769.0,0.0016188565983108127,0.0018056971930458224,0.0015712668339653757
770.0,0.0015842743464610128,0.0017540072876151339,0.0015332925136798384
771.0,0.0015468342744698032,0.0017201546850765454,0.0015047529834967504
772.0,0.001510354347176222,0.0016829751269495296,0.0014617449556627558
773.0,0.0014906395292317873,0.0016552315517595684,0.0014519015885739682
774.0,0.0014605597853902354,0.0016227147960359604,0.0014188747765288745
775.0,0.00141878756531864,0.0015815338200089312,0.0013867945529491528
776.0,0.0013997351980363515,0.0015489098362976774,0.0013549269581797528
777.0,0.0013728329357322407,0.0015355043555905095,0.001339837891116116
778.0,0.0013437932262716779,0.001488076236324519,0.0013024329570102983
779.0,0.0013106469227512124,0.001462807481132874,0.0012719183280408947
780.0,0.0012834352885787118,0.0014218885024350047,0.0012464822043683872
781.0,0.0012647799831466073,0.00141171654287263,0.0012234321846695039
782.0,0.0012372063111709148,0.001376377001254986,0.0011992449474975049
783.0,0.0011969417126671978,0.0013329836204985107,0.001160702749265914
784.0,0.0011903506641816415,0.0013237037581746317,0.0011523244457788701
785.0,0.001165262936847468,0.001288012080017747,0.001125972440713935
786.0,0.001120697322728748,0.001252743020709474,0.0010955008541710162
787.0,0.0011036903208428935,0.0012236757629172763,0.0010651938297090145
788.0,0.001091023828241375,0.0012068291481242795,0.0010527528491539582
789.0,0.0010630511734955992,0.001175710395296812,0.0010304931776251322
790.0,0.0010313216954148262,0.001144392997107442,0.0010004873951545339
791.0,0.0010136480074138972,0.0011129096294146168,0.0009797434426859425
792.0,0.0009922421111813824,0.0011033704237170272,0.0009606516490263653
793.0,0.0009662558399950209,0.001068363646017544,0.0009375724999971588
794.0,0.0009368717147474453,0.0010433141012604903,0.0009086482733486136
795.0,0.0009282776366884962,0.0010203627917019162,0.0008959117332758492
796.0,0.0008963426202399058,0.00099438830686231,0.0008749857034946156
797.0,0.0008784655102277247,0.0009751731382029489,0.0008488994504268506
798.0,0.0008534228366063681,0.0009471735509884856,0.0008241311470215935
799.0,0.0008377434498637204,0.0009310820779808625,0.0008141338856537881
800.0,0.0008178995258156493,0.00090548655430209,0.0007925205954732964
801.0,0.0007956551574781205,0.0008815236263866426,0.0007740182844790916
802.0,0.0007718381639354508,0.0008611032679710389,0.000749238783079609
803.0,0.0007628606784972846,0.0008431499639396628,0.0007362755326825933
804.0,0.0007401178422637341,0.0008211330010519725,0.0007093942501275424
805.0,0.0007150591348756563,0.0007961034843736506,0.0006899436421040035
806.0,0.000698441511905313,0.0007711977542087408,0.0006727383781574107
807.0,0.0006839326174298089,0.0007609298216219295,0.0006610163693120619
808.0,0.0006655009667852183,0.0007336754729728692,0.0006440401151728537
809.0,0.0006415775658009513,0.0007156563894181837,0.0006221831828385502
810.0,0.000628929453069576,0.0006933939863080024,0.0006039512153329735
811.0,0.0006174787845674612,0.0006788982229631103,0.0005947379390834717
812.0,0.000591195072584077,0.0006539668354592713,0.0005750586694321997
813.0,0.000569428925937294,0.0006297294332375557,0.0005532761561049878
814.0,0.000565835906325675,0.0006261450526035424,0.0005454334060612761
815.0,0.0005481830510562395,0.0006059351857299282,0.0005266737819078917
816.0,0.0005274391365993954,0.0005854128215833576,0.0005109623860856347
817.0,0.0005101028007375346,0.0005670991130508304,0.0004907915752159986
818.0,0.0005008136473971136,0.0005591717347270445,0.000489013278994283
819.0,0.0004860584630045559,0.0005336907686778739,0.0004660488454996422
820.0,0.0004621161051315846,0.0005152039479501135,0.0004440065422845145
821.0,0.00045504548091255154,0.000502661187310717,0.000439674797741231
822.0,0.0004434546698034297,0.0004965601673885848,0.0004331003293143732
823.0,0.0004298227922351777,0.0004714565460602949,0.00041127937968358147
824.0,0.0004068234068225666,0.00045378092281773324,0.00039088253959136595
825.0,0.0003985050946377799,0.00044136301479099363,0.0003846228676572658
826.0,0.00038271074981482376,0.00043138622859677884,0.0003769292884495232
827.0,0.0003693891126524173,0.00040981869922739864,0.00035411614402939916
828.0,0.0003547701132912257,0.0003945570192835653,0.0003406084690823288
829.0,0.00035161132203367365,0.00039001033061946425,0.00034300158551045214
830.0,0.00033493300196765644,0.0003740437941858932,0.0003194423928639971
831.0,0.0003185451666200592,0.00035333198951638514,0.00030871119645980093
832.0,0.0003092806901830345,0.0003417721007382502,0.000297421219558286
833.0,0.000304121486688881,0.0003360948530628439,0.00029186405121987846
834.0,0.0002875933042225246,0.00031870271433171924,0.0002788101651404108
835.0,0.00026881637496473,0.0003036967508435852,0.00026201302307324835
836.0,0.0002638029637340724,0.0002956297799537319,0.00025485297821453993
837.0,0.00025948270097931654,0.0002881927547962104,0.0002489279128427863
838.0,0.00024394289567963428,0.0002713453640771672,0.00023734578155875868
839.0,0.00022731643592944508,0.00025376567364552525,0.0002196071161998093
840.0,0.00022598383333171816,0.0002533782866813939,0.00021778260294059805
841.0,0.00021846999451255835,0.00024242793288076908,0.00021119511451037583
842.0,0.0002051939527999576,0.0002307875116261839,0.00019885998432454412
843.0,0.00018949613833405877,0.00021088851757261007,0.00018277521406466325
844.0,0.0001916100326802302,0.00021277704676596034,0.00018365784753074637
845.0,0.0001790621499161845,0.00019934403369007428,0.0001738173647457501
846.0,0.00016830094450735565,0.00018724355411476131,0.00015934116377639164
847.0,0.00015960495665149715,0.00017998164555184262,0.00015433702424164525
848.0,0.00015336661531045807,0.00017225552351227507,0.00015131664860122717
849.0,0.0001412462115554828,0.00015899933049709768,0.00013855500366856418
850.0,0.00013314677782626412,0.0001488981006722624,0.0001280453298636384
851.0,0.00013191820527991272,0.00014698019753161756,0.00012910606276774156
852.0,0.00012677147018144456,0.00014247176586897127,0.00012159934244535602
853.0,0.0001094711440742667,0.00012462106288114414,0.00010885380238836839
854.0,0.00010210982229506922,0.00011676105687180962,9.876225506826221e-05
855.0,0.00010581034303538454,0.00012049500816218343,0.00010322225499071372
856.0,0.00010060194715709369,0.00011041653993449483,9.55212999242218e-05
857.0,8.229095881783451e-05,9.470068558017992e-05,8.02794936320381e-05
858.0,7.520004093566802e-05,8.697659472383515e-05,7.64826792883069e-05
859.0,8.369470382287066e-05,9.658867634867238e-05,8.252255020638369e-05
860.0,7.4758524523987e-05,8.53244647712697e-05,7.372554598852108e-05
861.0,5.910431443092434e-05,6.602602765464742e-05,5.9005962353592094e-05
862.0,5.748144415087193e-05,6.545089389608575e-05,5.727238637562282e-05
863.0,6.122799355975479e-05,7.205902280775255e-05,6.079034840679893e-05
864.0,5.301521332762174e-05,6.166959513232517e-05,5.421518399076392e-05
865.0,3.942414907099939e-05,4.474122346287777e-05,3.929231045593211e-05
866.0,4.4710331370559814e-05,5.007519052841675e-05,4.231395989745915e-05
867.0,4.302209043916416e-05,4.82849633563549e-05,4.273106674885478e-05
868.0,3.637538694410338e-05,4.106952689880504e-05,3.586848431682386e-05
869.0,2.2496386353804068e-05,2.588360108554684e-05,2.1521602348657467e-05
870.0,3.030913020870999e-05,3.57984858498963e-05,2.9695960079736943e-05
871.0,2.759990132075523e-05,3.2070468212368205e-05,2.7614027618119153e-05
872.0,2.310675386745065e-05,2.668272172961225e-05,2.2485184850308138e-05
873.0,1.1604708166505525e-05,1.3546995844283989e-05,1.214857181096584e-05
874.0,1.861231497874246e-05,2.174059758355634e-05,1.8527177875171427e-05
875.0,1.5459221832534345e-05,1.783888806647061e-05,1.55694400931396e-05
876.0,1.1935082005255143e-05,1.4424729979543151e-05,1.19983464561665e-05
877.0,5.749299591264845e-06,6.6479863748959885e-06,5.598492722251053e-06
878.0,8.565536924150711e-06,1.0523371688769182e-05,8.911466541534294e-06
879.0,6.811516541355817e-06,7.352005992750789e-06,6.758795661238601e-06
880.0,4.9423594112380854e-06,5.5480307447654635e-06,4.924286685575764e-06
881.0,1.6955507303680245e-06,1.8763788963569135e-06,1.956076829521872e-06
882.0,2.6434712983883155e-06,3.3587579835549405e-06,2.5912574635533446e-06
883.0,1.375836941150663e-06,1.9848439699315844e-06,1.5698345190283004e-06
884.0,4.744034199944739e-07,4.613412054322436e-07,5.178866693635671e-07
885.0,3.6910580430420577e-07,5.205184479274274e-07,5.600176342783987e-07
886.0,7.369021637256453e-08,1.2911648540875453e-07,8.777068663767757e-08
887.0,2.2876196948677096e-11,2.1700902561325724e-10,4.927099876241496e-11
888.0,0.0,0.0,0.0
889.0,0.0,0.0,0.0
890.0,0.0,0.0,0.0
891.0,0.0,0.0,0.0
892.0,0.0,0.0,0.0
893.0,0.0,0.0,0.0
894.0,0.0,0.0,0.0
895.0,0.0,0.0,0.0
896.0,0.0,0.0,0.0
897.0,0.0,0.0,0.0
898.0,0.0,0.0,0.0
899.0,0.0,0.0,0.0
900.0,0.0,0.0,0.0
901.0,0.0,0.0,0.0
902.0,0.0,0.0,0.0
903.0,0.0,0.0,0.0
904.0,0.0,0.0,0.0
905.0,0.0,0.0,0.0
906.0,0.0,0.0,0.0
907.0,0.0,0.0,0.0
908.0,0.0,0.0,0.0
909.0,0.0,0.0,0.0
910.0,0.0,0.0,0.0
911.0,0.0,0.0,0.0
912.0,0.0,0.0,0.0
913.0,0.0,0.0,0.0
914.0,0.0,0.0,0.0
915.0,0.0,0.0,0.0
916.0,0.0,0.0,0.0
917.0,0.0,0.0,0.0
918.0,0.0,0.0,0.0
919.0,0.0,0.0,0.0
920.0,0.0,0.0,0.0
921.0,0.0,0.0,0.0
922.0,0.0,0.0,0.0
923.0,0.0,0.0,0.0
924.0,0.0,0.0,0.0
925.0,0.0,0.0,0.0
926.0,0.0,0.0,0.0
927.0,0.0,0.0,0.0
928.0,0.0,0.0,0.0
929.0,0.0,0.0,0.0
930.0,0.0,0.0,0.0
931.0,0.0,0.0,0.0
932.0,0.0,0.0,0.0
933.0,0.0,0.0,0.0
934.0,0.0,0.0,0.0
935.0,0.0,0.0,0.0
936.0,0.0,0.0,0.0
937.0,0.0,0.0,0.0
938.0,0.0,0.0,0.0
939.0,0.0,0.0,0.0
940.0,0.0,0.0,0.0
941.0,0.0,0.0,0.0
942.0,0.0,0.0,0.0
943.0,0.0,0.0,0.0
944.0,0.0,0.0,0.0
945.0,0.0,0.0,0.0
946.0,0.0,0.0,0.0
947.0,0.0,0.0,0.0
948.0,0.0,0.0,0.0
949.0,0.0,0.0,0.0
950.0,0.0,0.0,0.0
951.0,0.0,0.0,0.0
952.0,0.0,0.0,0.0
953.0,0.0,0.0,0.0
954.0,0.0,0.0,0.0
955.0,0.0,0.0,0.0
956.0,0.0,0.0,0.0
957.0,0.0,0.0,0.0
958.0,0.0,0.0,0.0
959.0,0.0,0.0,0.0
960.0,0.0,0.0,0.0
961.0,0.0,0.0,0.0
962.0,0.0,0.0,0.0
963.0,0.0,0.0,0.0
964.0,0.0,0.0,0.0
965.0,0.0,0.0,0.0
966.0,0.0,0.0,0.0
967.0,0.0,0.0,0.0
968.0,0.0,0.0,0.0
969.0,0.0,0.0,0.0
970.0,0.0,0.0,0.0
971.0,0.0,0.0,0.0
972.0,0.0,0.0,0.0
973.0,0.0,0.0,0.0
974.0,0.0,0.0,0.0
975.0,0.0,0.0,0.0
976.0,0.0,0.0,0.0
977.0,0.0,0.0,0.0
978.0,0.0,0.0,0.0
979.0,0.0,0.0,0.0
980.0,0.0,0.0,0.0
981.0,0.0,0.0,0.0
982.0,0.0,0.0,0.0
983.0,0.0,0.0,0.0
984.0,0.0,0.0,0.0
985.0,0.0,0.0,0.0
986.0,0.0,0.0,0.0
987.0,0.0,0.0,0.0
988.0,0.0,0.0,0.0
989.0,0.0,0.0,0.0
990.0,0.0,0.0,0.0
991.0,0.0,0.0,0.0
992.0,0.0,0.0,0.0
993.0,0.0,0.0,0.0
994.0,0.0,0.0,0.0
995.0,0.0,0.0,0.0
996.0,0.0,0.0,0.0
997.0,0.0,0.0,0.0
998.0,0.0,0.0,0.0
999.0,0.0,0.0,0.0
1000.0,0.0,0.0,0.0
1001.0,0.0,0.0,0.0
1002.0,0.0,0.0,0.0
1003.0,0.0,0.0,0.0
1004.0,0.0,0.0,0.0
1005.0,0.0,0.0,0.0
1006.0,0.0,0.0,0.0
1007.0,0.0,0.0,0.0
1008.0,0.0,0.0,0.0
1009.0,0.0,0.0,0.0
1010.0,0.0,0.0,0.0
1011.0,0.0,0.0,0.0
1012.0,0.0,0.0,0.0
1013.0,0.0,0.0,0.0
1014.0,0.0,0.0,0.0
1015.0,0.0,0.0,0.0
1016.0,0.0,0.0,0.0
1017.0,0.0,0.0,0.0
1018.0,0.0,0.0,0.0
1019.0,0.0,0.0,0.0
1020.0,0.0,0.0,0.0
1021.0,0.0,0.0,0.0
1022.0,0.0,0.0,0.0
1023.0,0.0,0.0,0.0
1024.0,0.0,0.0,0.0
