k,E_Jx,E_Jy,E_Jz
1.0,2.13293084198819e-34,3.442489170691533e-34,3.3381086793429632e-34
2.0,3.3366382680739736e-34,4.784270257628223e-34,3.7940740898654244e-34
3.0,7.047687759768594e-34,9.169233273784297e-34,5.7429244478000315e-34
4.0,9.662785689129988e-34,1.301051821926545e-33,9.945499362941126e-34
5.0,1.679900738663856e-33,1.8388430189903756e-33,1.9769017623154386e-33
6.0,2.356130634992958e-33,2.0045391224637275e-33,1.9450615938761097e-33
7.0,2.9734097326761907e-33,2.6278953434265358e-33,2.5753202702177873e-33
8.0,3.396690571676671e-33,3.365096825099668e-33,3.086616487036408e-33
9.0,4.43739898479459e-33,4.4852251560643794e-33,4.2851076973789276e-33
10.0,4.1279900731829376e-33,4.4727066630779944e-33,3.910124202205829e-33
11.0,3.9279634310196995e-33,3.9088880762052274e-33,4.209612206159299e-33
12.0,4.1918309729776176e-33,4.4175951457855486e-33,4.347741218621401e-33
13.0,4.3152633192484346e-33,4.2464206078069326e-33,4.358548521769183e-33
14.0,3.7315751965171756e-33,4.110456846147907e-33,4.0689208459256746e-33
15.0,3.2387587038261766e-33,3.432829736524543e-33,3.513412057902215e-33
16.0,3.438252348287955e-33,3.6425522809837686e-33,3.7188994776507536e-33
17.0,2.961862578058721e-33,3.0071335041733523e-33,3.287144773380878e-33
18.0,2.413945146942141e-33,2.581841989767828e-33,2.7614812365088752e-33
19.0,1.9521825547943735e-33,2.0260185981425056e-33,2.1304753052377714e-33
20.0,1.6307176134765652e-33,1.7400705216448482e-33,1.801494924619511e-33
21.0,1.3434227573399639e-33,1.359538722015458e-33,1.4490102793207381e-33
22.0,9.631487928641118e-34,1.0218273645413244e-33,1.067304352641607e-33
23.0,7.235439741722887e-34,7.524348834883507e-34,7.886520507118773e-34
24.0,5.098686537300842e-34,5.413095655574543e-34,5.397407706352996e-34
25.0,3.692869069340426e-34,3.513229971443853e-34,3.666696686195018e-34
26.0,2.2409722110745377e-34,2.326250047840545e-34,2.3109682409677397e-34
27.0,1.3841151241656934e-34,1.3405285271862098e-34,1.3764155497143454e-34
28.0,8.396936313561362e-35,8.085429789102563e-35,8.442050247273274e-35
29.0,4.4920482527832413e-35,4.6334581820658013e-35,4.4171048241725285e-35
30.0,2.404637633713266e-35,2.2935285451542302e-35,2.2877863171416094e-35
31.0,1.2654558405849538e-35,1.1919166619297013e-35,1.1619482035259884e-35
32.0,6.029037595140598e-36,5.8398815715815795e-36,5.472092104966171e-36
33.0,2.7495849185462055e-36,2.6702011831794823e-36,2.5805316421521857e-36
34.0,1.1772753183750646e-36,1.1125267883322704e-36,1.1005581819872523e-36
35.0,4.866415444253578e-37,4.544615254310599e-37,4.235370534121555e-37
36.0,2.143550761715254e-37,1.8514082712195687e-37,1.7138083119130255e-37
37.0,9.11070414293115e-38,7.474997478642983e-38,6.236959129711069e-38
38.0,4.775493679209221e-38,3.456002887168057e-38,2.559311921674239e-38
39.0,2.8667671036293e-38,1.7859521880587277e-38,1.135284091051847e-38
40.0,2.1061919127488026e-38,1.1182048335610239e-38,5.912975186168656e-39
41.0,1.6156538722252888e-38,8.511903309458763e-39,4.016226555168103e-39
42.0,1.3026594240639563e-38,6.027298841989838e-39,3.0921556242239784e-39
43.0,1.1183730732911366e-38,5.290118390066205e-39,2.5351285704173807e-39
44.0,8.445057509128116e-39,4.048010567796785e-39,1.947284172906245e-39
45.0,6.1640888169868e-39,2.6013808345791325e-39,1.1820584171086591e-39
46.0,3.605258068042285e-39,1.541937541116656e-39,6.969024593446014e-40
47.0,2.1212570541535218e-39,8.96494032120299e-40,4.2149402085566675e-40
48.0,1.1300602311637964e-39,4.855738336545012e-40,2.5692658983369024e-40
49.0,5.774430856785418e-40,2.3288203092795227e-40,1.2184093850363902e-40
50.0,2.5344109758707176e-40,9.012521654092367e-41,4.771023162779537e-41
51.0,9.52581496169393e-41,3.24180554389162e-41,1.63476839978489e-41
52.0,3.6888327922471135e-41,1.1941124867412563e-41,5.978803405620819e-42
53.0,1.3568112577936054e-41,3.765657611493634e-42,1.7962827819316005e-42
54.0,4.3199009499004415e-42,1.0727509863911e-42,5.526909059929864e-43
55.0,1.4150691679813343e-42,2.8130304118604106e-43,1.5672845387027563e-43
56.0,3.1402567012655106e-43,7.418835422646249e-44,3.400691180582659e-44
57.0,5.008974980616504e-44,1.643335268260206e-44,8.020469705054416e-45
58.0,9.292906512415053e-45,4.67414671628054e-45,1.9965585183683197e-45
59.0,2.8831169186391226e-45,2.2283339279059792e-45,7.991604830517859e-46
60.0,1.3158462775797883e-45,1.1870569391601051e-45,5.588449210886007e-46
61.0,6.672585869387839e-46,6.498459637934194e-46,3.291303577542641e-46
62.0,3.387014437414259e-46,4.0832730740787925e-46,3.60450036210286e-46
63.0,1.6939163937839817e-46,2.2780353747131327e-45,3.137413531303951e-45
64.0,7.4838184392264955e-47,3.132799766938959e-45,3.0631240200507734e-45
65.0,3.6890880777487637e-47,9.062580507677942e-46,1.0758603117097859e-45
66.0,2.4747020554226636e-47,6.6493858955484386e-46,6.34549563397547e-46
67.0,2.4298844805064036e-47,4.547192221814819e-46,5.125320330397733e-46
68.0,1.2753446690259248e-47,1.8929221289567035e-46,2.168294022830449e-46
69.0,4.899840539871786e-48,8.449165506047809e-47,6.888453844560418e-47
70.0,5.6006660356816326e-49,1.3400091466944478e-47,1.1776963858115947e-47
71.0,5.651631577567958e-50,1.0820185315359164e-48,1.0555747219530523e-48
72.0,1.5213800623301878e-50,1.2540663383995344e-49,1.3606768233987356e-49
73.0,4.934129186289733e-51,3.136646059436637e-50,2.0996613163150856e-50
74.0,2.246339709102645e-51,7.077351288602998e-51,2.513076019417745e-51
75.0,1.163417636651295e-51,3.563481849386502e-51,1.0708063880594874e-51
76.0,7.487717042513731e-52,1.946304040246465e-51,6.25396854398828e-52
77.0,2.4191974079263846e-52,1.3200150753801181e-51,3.1325715961505426e-52
78.0,3.2281869912508095e-53,1.0100430272621726e-51,2.355775159114424e-52
79.0,1.137607311866727e-53,4.3556146517785465e-52,1.0175333046333893e-52
80.0,3.314416756890573e-54,1.4220339955816905e-52,2.8446037199725797e-53
81.0,5.984321828882328e-55,1.1886222373905177e-53,8.001796632238331e-55
82.0,1.0810840045658868e-55,3.590661294557398e-54,1.3574844175326725e-55
83.0,2.595134434037518e-56,2.3371447541655616e-55,1.5522393368298034e-56
84.0,2.010915680582511e-57,9.453935202994675e-57,7.893510901372085e-57
85.0,3.448740948265166e-58,5.537972962265472e-58,9.808129200695857e-58
86.0,8.95285102084438e-59,1.6845586619154773e-58,1.4530387296025556e-58
87.0,1.982875786862119e-58,9.222650160620924e-59,9.3772277866313e-59
88.0,1.1867239288070724e-58,2.678096625289603e-59,8.079006171162063e-59
89.0,7.955354227677251e-60,5.826216390653384e-60,6.54197544161196e-58
90.0,1.6966790204498586e-60,5.3435967207501455e-61,3.951996519867703e-59
91.0,2.001566976410024e-61,2.023217607239564e-61,3.567841705077207e-60
92.0,8.118026234171046e-61,8.011924725533495e-61,9.844012105327511e-60
93.0,1.347515509473374e-61,1.3475528849500597e-61,3.1611848998317523e-60
94.0,6.742812631976037e-64,9.443421455737552e-64,2.927172243053092e-63
95.0,1.854751976029377e-64,4.690768343148026e-64,1.4607702087757608e-63
96.0,1.6514147218786416e-64,4.532104431998506e-64,1.4372044234736736e-63
97.0,1.6236568486461258e-64,4.664356560148409e-64,1.3874052877881942e-63
98.0,1.732720106991383e-64,4.8172686459142434e-64,1.345785830791652e-63
99.0,1.8149925952477355e-64,4.844410024578762e-64,1.3718518223799515e-63
100.0,1.780261811052455e-64,4.958657216004119e-64,1.3532630053675757e-63
101.0,1.833981876979229e-64,5.029336216807955e-64,1.3884056704082913e-63
102.0,1.873358864803723e-64,5.127675311704748e-64,1.417913265141894e-63
103.0,1.9622393812663866e-64,5.2957882461166704e-64,1.3521724145799726e-63
104.0,1.9156194094690534e-64,5.2640044647213935e-64,1.419874495501018e-63
105.0,1.9969790082900554e-64,5.435428244549924e-64,1.3913141341699345e-63
106.0,2.0538708112703117e-64,5.4758363587917806e-64,1.5102503288153785e-63
107.0,2.122748453418862e-64,5.637705673578753e-64,1.4952719528477964e-63
108.0,2.1744341638933807e-64,5.8626704157519635e-64,1.5026767465512603e-63
109.0,2.4722875484410767e-64,6.298595485322284e-64,1.5865883333478808e-63
110.0,2.5015060909730304e-64,6.379068837993003e-64,1.6012715205732113e-63
111.0,2.6720540502532013e-64,6.516350160028047e-64,1.603033407861455e-63
112.0,2.7673731635489188e-64,6.570402888965535e-64,1.598080855486444e-63
113.0,2.71695323210226e-64,6.806865046142755e-64,1.6149545411729405e-63
114.0,2.9950753942962365e-64,6.959035011644054e-64,1.6624498930385356e-63
115.0,3.0210815480026006e-64,7.389557147129944e-64,1.6841932899212765e-63
116.0,3.2805792249892886e-64,7.451496663347378e-64,1.7392972533473797e-63
117.0,3.669238010574108e-64,7.996003469124529e-64,1.7741401949217075e-63
118.0,4.1155955002284e-64,8.529403268774188e-64,1.8774628196367482e-63
119.0,4.511706788487805e-64,8.727377646525741e-64,1.9272042390585026e-63
120.0,4.249828615710179e-64,9.04033820571102e-64,1.92548094777066e-63
121.0,4.392299312931403e-64,9.163133107748142e-64,1.9794566460841909e-63
122.0,4.527518590689118e-64,9.476063707558875e-64,1.9948032291214537e-63
123.0,5.5528340572629185e-64,1.0276368249417188e-63,2.124350106494267e-63
124.0,5.698222707451468e-64,1.025070514234465e-63,2.2062440081934878e-63
125.0,6.0628241317457426e-64,1.1030832234720667e-63,2.1428751742323753e-63
126.0,5.714658180424016e-64,1.060839901221254e-63,2.1628388006185855e-63
127.0,5.332207375074677e-64,1.0450786715018367e-63,2.2818647294399246e-63
128.0,5.722827973369424e-64,1.0899834762732516e-63,2.1970400219168638e-63
129.0,4.679136597827676e-64,1.0077155148242293e-63,1.9981179928973094e-63
130.0,5.221999414275857e-64,1.058386740489866e-63,2.0903875859562706e-63
131.0,5.2861599704586066e-64,1.0760171649050198e-63,2.175283390077788e-63
132.0,5.492233124710673e-64,1.116857879799858e-63,2.231585357167377e-63
133.0,5.7614978248027064e-64,1.1189741735596269e-63,2.0084749348814864e-63
134.0,6.198727150801207e-64,1.1830642177051649e-63,2.2638240286832844e-63
135.0,5.8613811781769946e-64,1.1521161657201387e-63,2.21850016171158e-63
136.0,5.4084160673687076e-64,1.1258888377800705e-63,2.1270675970283441e-63
137.0,5.50388329678642e-64,1.1710309555133783e-63,2.1703361711692183e-63
138.0,5.0721708536072464e-64,1.0981638352383567e-63,2.0868265096033416e-63
139.0,5.310598739041477e-64,1.1121043068744489e-63,2.0855014079197203e-63
140.0,5.0048926686678856e-64,1.1131496774539741e-63,2.0362502756605572e-63
141.0,4.6393890775537124e-64,1.0520350163096488e-63,1.9500774368713067e-63
142.0,4.5269837739405374e-64,1.0619514163519342e-63,2.0163483280958378e-63
143.0,4.312082722902795e-64,1.0336803123875712e-63,1.8922636619117504e-63
144.0,4.037344258509046e-64,1.0145810115455971e-63,1.8928233489007207e-63
145.0,4.109144397273637e-64,1.042250611346785e-63,1.8802059727786009e-63
146.0,4.213020485423949e-64,1.0387389439445664e-63,1.96242345806108e-63
147.0,4.050155956183149e-64,1.0437020080911542e-63,1.941334849637206e-63
148.0,4.104169217806714e-64,1.0375904830651166e-63,1.9634448803307577e-63
149.0,4.0540141184716866e-64,1.0664653009082561e-63,1.9972775322576615e-63
150.0,4.044382038090342e-64,1.0557100729075788e-63,1.8888545379156368e-63
151.0,4.0369480468464154e-64,1.060660362329153e-63,1.870391755065828e-63
152.0,4.013552529017851e-64,1.0537587331184739e-63,1.9588083456640178e-63
153.0,4.106911317693022e-64,1.078524315782131e-63,1.9301712016794077e-63
154.0,4.133283208414223e-64,1.067806467251291e-63,1.9042402900952948e-63
155.0,4.179786745748703e-64,1.0678638920522456e-63,1.9838082122132675e-63
156.0,4.164217166764885e-64,1.0918370409585989e-63,1.986637203209624e-63
157.0,4.250616507919226e-64,1.1181695580597598e-63,1.9401219801278278e-63
158.0,4.275188005263732e-64,1.1135583111391605e-63,1.9090830649474682e-63
159.0,4.343953554037647e-64,1.1335361996767836e-63,2.0362691185690108e-63
160.0,4.340131100588815e-64,1.1165306336222447e-63,1.9633402819008464e-63
161.0,4.515952399047081e-64,1.1707524351904946e-63,1.936295517291065e-63
162.0,4.5034130446106496e-64,1.1437841761276821e-63,1.9679927119291437e-63
163.0,4.6155890910866506e-64,1.1782364567333093e-63,1.9418549612567962e-63
164.0,4.5872996736884735e-64,1.1567211297238676e-63,1.9758782015927836e-63
165.0,4.762018322703758e-64,1.178475933829513e-63,1.9567636298315076e-63
166.0,4.6949532193539186e-64,1.1959753605360687e-63,1.954148339606404e-63
167.0,4.877963383369285e-64,1.1856950432929292e-63,1.9882317618304544e-63
168.0,4.871404585219522e-64,1.2065741689856102e-63,1.980897062554499e-63
169.0,5.115734236076857e-64,1.2282914410703107e-63,1.9731356048377566e-63
170.0,5.177482750975611e-64,1.2426642489411018e-63,1.9085426616539493e-63
171.0,5.313360685775954e-64,1.2609296865369643e-63,1.9479595735025394e-63
172.0,5.263357239861033e-64,1.227397235016234e-63,1.9307037480773825e-63
173.0,5.389819369012003e-64,1.273742268654208e-63,1.8911629559617283e-63
174.0,5.564360483001753e-64,1.2886292594987828e-63,1.937986013572443e-63
175.0,5.427086165131023e-64,1.2784969010356116e-63,1.9742668693528377e-63
176.0,5.738115295626606e-64,1.2963468562451773e-63,1.9410596459235218e-63
177.0,6.156136227300466e-64,1.338112544652977e-63,1.9894485792016473e-63
178.0,6.300731776371357e-64,1.3617858216184329e-63,2.0224309091436046e-63
179.0,6.7055868246804e-64,1.4022575672057285e-63,2.0227497771558823e-63
180.0,6.857271577121173e-64,1.4155793775273415e-63,2.0334081169210247e-63
181.0,6.65648161986769e-64,1.4197919367407184e-63,2.0676989300506908e-63
182.0,6.959374681169083e-64,1.4414173902354752e-63,2.100718253398541e-63
183.0,7.0661860941262e-64,1.440588245643496e-63,2.0647856218682726e-63
184.0,6.886803733006457e-64,1.4208599331107584e-63,2.017158066565154e-63
185.0,7.672205612186837e-64,1.511746879977135e-63,2.1621907812773363e-63
186.0,7.566807605966492e-64,1.4887187482578532e-63,2.1007540441699952e-63
187.0,7.756670294128471e-64,1.525425677219094e-63,2.0613903155933736e-63
188.0,8.085648420477316e-64,1.5950150320518443e-63,2.1835845446018167e-63
189.0,7.673651973638303e-64,1.5188884600369966e-63,2.1014461750669297e-63
190.0,7.630243764970109e-64,1.5269157135931766e-63,2.0745370929798278e-63
191.0,7.840305950713451e-64,1.539601906682265e-63,2.0361830773769481e-63
192.0,9.113941710931346e-64,1.673139065826616e-63,2.174186259505392e-63
193.0,7.657106570833049e-64,1.5040861713957121e-63,2.0928647830003782e-63
194.0,7.865218186643911e-64,1.5167414113311997e-63,2.0399889260397365e-63
195.0,7.637801099370428e-64,1.529048200130787e-63,2.024347504991102e-63
196.0,8.014415008509534e-64,1.5689257380488868e-63,2.0580148537904076e-63
197.0,7.91379611234143e-64,1.5559336634641373e-63,2.0392308869784418e-63
198.0,7.869076585202437e-64,1.5338443809404275e-63,1.9672164336718827e-63
199.0,7.893273843514295e-64,1.5233949530880005e-63,1.9699451083690414e-63
200.0,7.544877070149804e-64,1.5075313948412757e-63,1.9253082618860337e-63
201.0,7.459588827143618e-64,1.480191474133257e-63,1.8823725299620616e-63
202.0,7.681587048332635e-64,1.5078356618586322e-63,1.8958620527157976e-63
203.0,7.549189050437368e-64,1.4765891005304205e-63,1.8402553917703193e-63
204.0,7.407168299366065e-64,1.4763351568631602e-63,1.847953473687231e-63
205.0,7.42561006470038e-64,1.480932418042257e-63,1.8178450143982834e-63
206.0,7.139055146087771e-64,1.4419960663531252e-63,1.7609415652649518e-63
207.0,7.16202997103758e-64,1.4545628150176655e-63,1.777395956762223e-63
208.0,7.029527569192347e-64,1.430092965436972e-63,1.7207494027389307e-63
209.0,7.118147551323146e-64,1.4632049060355504e-63,1.7443168205928078e-63
210.0,7.066548946802487e-64,1.4405004726287308e-63,1.697338420987027e-63
211.0,7.119593246915367e-64,1.4392639142011905e-63,1.685912480946617e-63
212.0,7.11382817185751e-64,1.4371453246581753e-63,1.6917883853280712e-63
213.0,7.187288791785972e-64,1.4364945172345625e-63,1.6666302031923434e-63
214.0,7.196310628066419e-64,1.4562811247457326e-63,1.694049186053099e-63
215.0,7.203956972576237e-64,1.4230361062967457e-63,1.6499476136242255e-63
216.0,7.215633908258886e-64,1.448020415640612e-63,1.6475188675676693e-63
217.0,7.332537064907165e-64,1.448085458038494e-63,1.656312861332472e-63
218.0,7.309791940795534e-64,1.43633333603537e-63,1.631609668165063e-63
219.0,7.442014493293312e-64,1.4581786327347833e-63,1.6477975416028242e-63
220.0,7.406411225329602e-64,1.4382371769395006e-63,1.619543203092367e-63
221.0,7.533298460316081e-64,1.4809725415186544e-63,1.6416583098309426e-63
222.0,7.488899772336824e-64,1.4536820302612963e-63,1.6072272829889222e-63
223.0,7.532503567651749e-64,1.4451636456378853e-63,1.5885277743424796e-63
224.0,7.478867570257454e-64,1.452385381746665e-63,1.6018018539907812e-63
225.0,7.644974600651281e-64,1.451694385945107e-63,1.5867983842132137e-63
226.0,7.677258495382406e-64,1.4737972184675438e-63,1.5999364603156615e-63
227.0,7.711734046653854e-64,1.4495502920626403e-63,1.5536122511387495e-63
228.0,7.706379172081222e-64,1.4462904943455728e-63,1.556001920061333e-63
229.0,7.784757554973653e-64,1.4590558742362845e-63,1.5554043291777573e-63
230.0,7.79457812193573e-64,1.4493180307656352e-63,1.5309448613172938e-63
231.0,7.784879540486852e-64,1.4599256728930632e-63,1.5426333026403325e-63
232.0,7.881220529151511e-64,1.4574073476422597e-63,1.5306968715487622e-63
233.0,7.923383215372425e-64,1.4505318277487e-63,1.512610260498155e-63
234.0,7.962238807109637e-64,1.46705283312747e-63,1.5330501383707091e-63
235.0,7.949418152421667e-64,1.442093947077812e-63,1.4984765141479895e-63
236.0,8.056452710917832e-64,1.4690435276240055e-63,1.5131646348928803e-63
237.0,8.115381341013926e-64,1.4524231410852372e-63,1.5096236114629298e-63
238.0,8.202508072243203e-64,1.4795790497362278e-63,1.5152502524130034e-63
239.0,8.252776336856619e-64,1.4771649173017405e-63,1.5090190301325505e-63
240.0,8.188107542794108e-64,1.4446819290187593e-63,1.4857674623572107e-63
241.0,8.37954743013085e-64,1.485529171488679e-63,1.5153425633223158e-63
242.0,8.485761353148004e-64,1.4818534739215953e-63,1.505649995454845e-63
243.0,8.508708400346151e-64,1.5017236182631455e-63,1.5121854712342956e-63
244.0,8.642829163676929e-64,1.5128772850854067e-63,1.5233885609702094e-63
245.0,8.718670014242969e-64,1.5170318481088442e-63,1.5246080720241813e-63
246.0,8.768433786432105e-64,1.5353374186909071e-63,1.5352849126677211e-63
247.0,8.850933846099564e-64,1.504765532633342e-63,1.5175436146515686e-63
248.0,9.273313485169524e-64,1.5539011729541026e-63,1.558550651589676e-63
249.0,9.361271790067375e-64,1.5401802571640732e-63,1.5522145468924725e-63
250.0,9.399146345538696e-64,1.5773292057822295e-63,1.5876141224228954e-63
251.0,9.536942309403973e-64,1.5709095601360286e-63,1.575384984537089e-63
252.0,9.843745686975715e-64,1.6093081105418728e-63,1.6057525188960697e-63
253.0,9.721471902930394e-64,1.5793410015440967e-63,1.5858512971833593e-63
254.0,9.974208798810146e-64,1.6150301166393023e-63,1.6128504166702942e-63
255.0,9.822251074251045e-64,1.617618659706745e-63,1.6196812730933007e-63
256.0,9.107891152159129e-64,1.5324904368356936e-63,1.5559076377690946e-63
257.0,8.578567734195779e-64,1.474165050102227e-63,1.500645324239151e-63
258.0,8.558900294311457e-64,1.4700373859087392e-63,1.4995438966785558e-63
259.0,8.541830103485776e-64,1.4566072148496244e-63,1.5033353983200566e-63
260.0,8.541677024234631e-64,1.452687123519179e-63,1.4947165752920142e-63
261.0,8.612230963877331e-64,1.4409676558440856e-63,1.4896016705638772e-63
262.0,8.52594482298418e-64,1.4353862506563024e-63,1.485944833124848e-63
263.0,8.572113014099845e-64,1.4331553516134336e-63,1.4678817285931966e-63
264.0,8.516911317850517e-64,1.4159940079023636e-63,1.4667710033899362e-63
265.0,8.540984418940595e-64,1.4240950846620417e-63,1.47192918960609e-63
266.0,8.465345779405908e-64,1.3863391654488062e-63,1.41742409883572e-63
267.0,8.450039616212116e-64,1.3875076169973362e-63,1.4359515829219335e-63
268.0,8.447447368616169e-64,1.3762469723181544e-63,1.419604618952501e-63
269.0,8.425969238304547e-64,1.35602455865672e-63,1.4196523002627476e-63
270.0,8.373230269408115e-64,1.349101093410472e-63,1.3850718521606484e-63
271.0,8.30352618049801e-64,1.315090123503929e-63,1.3640251061701898e-63
272.0,8.29821981330315e-64,1.3299225091511906e-63,1.3684559892573035e-63
273.0,8.280141263793795e-64,1.3155133606732786e-63,1.342976992926804e-63
274.0,8.243752636936813e-64,1.29119360601273e-63,1.3330065389028004e-63
275.0,8.167939957629429e-64,1.2751056477550678e-63,1.313204418862063e-63
276.0,8.1216823364038e-64,1.2591757731853594e-63,1.307283745945776e-63
277.0,8.1203130893627e-64,1.2608715926133747e-63,1.3020360650494763e-63
278.0,7.998656456402072e-64,1.2182849967537384e-63,1.260956741846815e-63
279.0,7.960390351239909e-64,1.204752160130643e-63,1.248769145654408e-63
280.0,7.969480397963644e-64,1.2103307494084376e-63,1.2567820589019208e-63
281.0,7.850595702711172e-64,1.168222174333837e-63,1.2151592182977298e-63
282.0,7.799382289562634e-64,1.1718229936170935e-63,1.2070902589169576e-63
283.0,7.724575179372685e-64,1.1327593678785224e-63,1.170505488788358e-63
284.0,7.679374380191709e-64,1.1311362593209364e-63,1.1864991851473595e-63
285.0,7.594205434060454e-64,1.117311566400078e-63,1.1566681255246215e-63
286.0,7.482762017316731e-64,1.0767533564261965e-63,1.1280735852727103e-63
287.0,7.407751340087607e-64,1.0760792539814204e-63,1.09997336976239e-63
288.0,7.36905981470583e-64,1.0388761657284371e-63,1.0810604562392622e-63
289.0,7.289783685450762e-64,1.0379095144812019e-63,1.0834998972921122e-63
290.0,7.180212984156233e-64,1.011592971012341e-63,1.0660042202429277e-63
291.0,7.125264878822814e-64,1.002373144977591e-63,1.039570672777715e-63
292.0,7.029430657733757e-64,9.797909102128665e-64,1.0238582312166487e-63
293.0,6.920524972522965e-64,9.501900503873683e-64,9.949196636864072e-64
294.0,6.821046257537997e-64,9.463588894948014e-64,9.846280992731224e-64
295.0,6.742610475401257e-64,9.270069839494805e-64,9.614425106669807e-64
296.0,6.664387892845547e-64,9.081371602905068e-64,9.44406666686921e-64
297.0,6.584011610033124e-64,8.895018974744978e-64,9.329681205247436e-64
298.0,6.477829754769099e-64,8.732740775396218e-64,9.109373597591234e-64
299.0,6.435345028371832e-64,8.646103717515221e-64,8.94059055943823e-64
300.0,6.307794965858898e-64,8.297486395995477e-64,8.681434360542949e-64
301.0,6.283426147867529e-64,8.346571101117203e-64,8.638074007158515e-64
302.0,6.100857273991768e-64,8.05746571807233e-64,8.346738149578676e-64
303.0,6.086389538178843e-64,7.990101005130776e-64,8.2955518919396e-64
304.0,5.932767707365486e-64,7.714192255409244e-64,8.00267052008025e-64
305.0,5.891076407484401e-64,7.600585325709165e-64,7.877205584988723e-64
306.0,5.789663263948574e-64,7.457121896128253e-64,7.659864580901402e-64
307.0,5.681716581622901e-64,7.22300667752058e-64,7.431189243946996e-64
308.0,5.620415910686948e-64,7.144871766951176e-64,7.335839868096077e-64
309.0,5.516261697102935e-64,6.963873647355385e-64,7.153561680904075e-64
310.0,5.42276474269232e-64,6.793451818715022e-64,7.002239303142243e-64
311.0,5.3123841338503344e-64,6.677414600422504e-64,6.802695398856241e-64
312.0,5.237023527538827e-64,6.493666042874193e-64,6.663919604046729e-64
313.0,5.113735712211673e-64,6.366172422971873e-64,6.504412146742287e-64
314.0,5.0675409343841095e-64,6.197482246508076e-64,6.406369338149575e-64
315.0,4.9697506985411594e-64,6.068464428041845e-64,6.203375525799935e-64
316.0,4.869346633753762e-64,5.869290998357353e-64,6.022534815989874e-64
317.0,4.7355873686620456e-64,5.68880593929038e-64,5.859017387051823e-64
318.0,4.7152551671638014e-64,5.679078077358201e-64,5.8328651685386194e-64
319.0,4.580928831634034e-64,5.4364839258484725e-64,5.6001382908198464e-64
320.0,4.487054208603585e-64,5.326227625590897e-64,5.472634331325674e-64
321.0,4.428419069983496e-64,5.2272439163740115e-64,5.358840586516461e-64
322.0,4.29577032183487e-64,5.059148383950032e-64,5.2016407244431305e-64
323.0,4.2268421928367475e-64,4.9576391628463717e-64,5.07237032910103e-64
324.0,4.1210724218671724e-64,4.785415925528771e-64,4.8999292243119646e-64
325.0,4.045857495569714e-64,4.6941080822679905e-64,4.832007114240133e-64
326.0,3.959681982849259e-64,4.553615343692479e-64,4.664795040145324e-64
327.0,3.852950251213876e-64,4.436810677393422e-64,4.495260627377434e-64
328.0,3.763803276047734e-64,4.316996499881532e-64,4.416468084687212e-64
329.0,3.701401250212114e-64,4.205732998503509e-64,4.289128904364203e-64
330.0,3.613928788436934e-64,4.104595179404858e-64,4.215990923167121e-64
331.0,3.511704444786857e-64,3.9790150777690526e-64,4.0432698230264356e-64
332.0,3.449268553942347e-64,3.879058259414369e-64,3.969296197767219e-64
333.0,3.389285098838624e-64,3.78742474521914e-64,3.8468386215666584e-64
334.0,3.277294848897816e-64,3.6493006923972894e-64,3.714042793086836e-64
335.0,3.201886544585495e-64,3.582694348530114e-64,3.627345012390942e-64
336.0,3.133645846891134e-64,3.4843584558041366e-64,3.538019676677728e-64
337.0,3.059599082854658e-64,3.397554639684245e-64,3.447204106118909e-64
338.0,2.9747252400325516e-64,3.293479260542528e-64,3.331041358956826e-64
339.0,2.8893985319542627e-64,3.193176121316988e-64,3.212991229612763e-64
340.0,2.8332520262541928e-64,3.110866141685326e-64,3.147762687567262e-64
341.0,2.76038318292303e-64,3.0273984292342335e-64,3.069139816302866e-64
342.0,2.690454620655508e-64,2.9684404286339363e-64,2.9868746169909546e-64
343.0,2.5906075769640843e-64,2.8376483214521708e-64,2.8704214604919605e-64
344.0,2.528437876251541e-64,2.77863031946747e-64,2.7967728910483155e-64
345.0,2.4756827039483795e-64,2.7040614400963548e-64,2.7217759635878685e-64
346.0,2.3867510267573358e-64,2.6109183251763702e-64,2.6047316293251085e-64
347.0,2.3324977805014965e-64,2.5479708116193063e-64,2.5664214470607208e-64
348.0,2.2609301936893672e-64,2.4761724003119603e-64,2.480624325845221e-64
349.0,2.2062770069814727e-64,2.4148479289609514e-64,2.4115006059818153e-64
350.0,2.1166081227030946e-64,2.311231253770934e-64,2.3371639582349243e-64
351.0,2.048777346207419e-64,2.2484439926802685e-64,2.2568305374147023e-64
352.0,1.999743412473919e-64,2.1922950283055346e-64,2.1974520073623735e-64
353.0,1.9105033819626763e-64,2.1142400458529203e-64,2.1058723511797623e-64
354.0,1.8675621770694696e-64,2.0597760994293844e-64,2.0772851401426944e-64
355.0,1.7957059565587132e-64,1.9812778426854634e-64,1.9843264148533918e-64
356.0,1.7391137057750922e-64,1.927292464317377e-64,1.9332794306365772e-64
357.0,1.6703285593809334e-64,1.858324889092771e-64,1.8605196794192203e-64
358.0,1.592551833682615e-64,1.782454666809815e-64,1.7986912748576057e-64
359.0,1.5560424697618725e-64,1.7270661075551984e-64,1.7314008906523086e-64
360.0,1.4875118976691924e-64,1.660123470902761e-64,1.6798363194523495e-64
361.0,1.4371768849436116e-64,1.5958311180731288e-64,1.6225679110551724e-64
362.0,1.369175146102405e-64,1.5432582035200412e-64,1.546705326926245e-64
363.0,1.3082635575183461e-64,1.4820893160562532e-64,1.4839112394237192e-64
364.0,1.2539584179996026e-64,1.4096219104924063e-64,1.4157117898172475e-64
365.0,1.1924461185984253e-64,1.3422220941758236e-64,1.3628683760253762e-64
366.0,1.1322431779479174e-64,1.2960180288153748e-64,1.3052931221769791e-64
367.0,1.0912613283408894e-64,1.2385127525233545e-64,1.2434440306165933e-64
368.0,1.043061373149602e-64,1.186144484784787e-64,1.1919808730872862e-64
369.0,9.951988134328626e-65,1.1373322020537636e-64,1.1366797400754527e-64
370.0,9.478127024680955e-65,1.093738357734266e-64,1.090327261001204e-64
371.0,9.089814273615621e-65,1.0388293408092813e-64,1.037233665889291e-64
372.0,8.53860314119563e-65,9.8063378807756e-65,9.821985478601936e-65
373.0,8.052576382144477e-65,9.380764715538983e-65,9.343665311063128e-65
374.0,7.767973382188843e-65,9.000851916627318e-65,8.961967589621725e-65
375.0,7.292371923655577e-65,8.431631032526623e-65,8.44319637696926e-65
376.0,6.82972664370888e-65,8.028579148731307e-65,8.041156688505199e-65
377.0,6.524356832511843e-65,7.60614251676469e-65,7.5567403065978766e-65
378.0,6.249911888366734e-65,7.240927226419065e-65,7.317670009211072e-65
379.0,5.76123896074288e-65,6.775005147159888e-65,6.821038435590481e-65
380.0,5.477867261632935e-65,6.42466501348248e-65,6.494499563921286e-65
381.0,5.152874864565227e-65,6.046614034875945e-65,6.1376537580594315e-65
382.0,4.8210978331052655e-65,5.798725282974319e-65,5.753095141727643e-65
383.0,4.550170684913731e-65,5.432283394288193e-65,5.405228926470217e-65
384.0,4.2247758159066585e-65,5.067470599806736e-65,4.988902923153197e-65
385.0,4.006553362279421e-65,4.811242897221272e-65,4.842347038075076e-65
386.0,3.7304925821509076e-65,4.50163238326521e-65,4.448393345932859e-65
387.0,3.5134354519106917e-65,4.169208113166944e-65,4.147263045648114e-65
388.0,3.261808301777233e-65,3.930912956485275e-65,3.927557941729835e-65
389.0,3.0608860846996417e-65,3.6464052191345334e-65,3.6425961518016957e-65
390.0,2.8796530105460267e-65,3.446608031061766e-65,3.4574749266894326e-65
391.0,2.6460356268873734e-65,3.1872942190403075e-65,3.137320784336191e-65
392.0,2.4581503909038613e-65,2.958913763038754e-65,2.905785387788822e-65
393.0,2.3468357311755515e-65,2.768609207741588e-65,2.767978027505379e-65
394.0,2.127851401677993e-65,2.5477582003883224e-65,2.5789587429691863e-65
395.0,1.972550087226236e-65,2.35748669605536e-65,2.422412465039961e-65
396.0,1.808496912993197e-65,2.223286179257235e-65,2.234902996803159e-65
397.0,1.6830193790551606e-65,2.0237192193688073e-65,2.081906547999518e-65
398.0,1.5379399411520268e-65,1.8512589904710298e-65,1.858660547665114e-65
399.0,1.4007104790357566e-65,1.6812050821351792e-65,1.7009265973334512e-65
400.0,1.3181785592713688e-65,1.6158605697925548e-65,1.623961796185554e-65
401.0,1.193524460940541e-65,1.4509143680468476e-65,1.442053027823529e-65
402.0,1.0643155519342413e-65,1.3218018543926967e-65,1.3274298630806095e-65
403.0,9.708960075906267e-66,1.2197572858899175e-65,1.2211153905798847e-65
404.0,8.731967021005478e-66,1.1206695300424734e-65,1.1090131088564334e-65
405.0,8.010838686086037e-66,1.0126154999556856e-65,1.0083498276955212e-65
406.0,7.023546460836102e-66,9.08098593946566e-66,8.90631226723627e-66
407.0,6.600871611188017e-66,8.361235802182989e-66,8.6031676469099e-66
408.0,5.822734986262644e-66,7.389933646481381e-66,7.412764383883354e-66
409.0,5.168105183107716e-66,6.689063026267259e-66,6.734051717446617e-66
410.0,4.4868294793788277e-66,5.935729285273707e-66,5.933864020782519e-66
411.0,4.174983105233255e-66,5.61283766870088e-66,5.488665462723704e-66
412.0,3.6513137964087916e-66,4.891830301390691e-66,4.966345453264376e-66
413.0,3.252948156778672e-66,4.273226380831742e-66,4.2025032994244495e-66
414.0,2.81843515031992e-66,3.8618407287455993e-66,3.7856619446628754e-66
415.0,2.596625933535698e-66,3.335941568854807e-66,3.363737044608165e-66
416.0,2.2484518008817442e-66,2.983952608672963e-66,2.8805145087681247e-66
417.0,1.9685469318924595e-66,2.503880147277341e-66,2.50073962945162e-66
418.0,1.7341665120426729e-66,2.3436149544006267e-66,2.2377058904740694e-66
419.0,1.5126558093970996e-66,2.0188479358101434e-66,1.9947524167691015e-66
420.0,1.2992048074587826e-66,1.6747224617720842e-66,1.6489100914199127e-66
421.0,1.1105719420210081e-66,1.4257840977322847e-66,1.4143973086530687e-66
422.0,1.0444705918922106e-66,1.301381293027238e-66,1.3289636938799185e-66
423.0,8.649127318895159e-67,1.0777263675982844e-66,1.0993077617279891e-66
424.0,6.646624444923622e-67,8.721506753276142e-67,8.995396380170807e-67
425.0,5.461208292690606e-67,7.279708140438681e-67,7.027150719702535e-67
426.0,5.5742015980509986e-67,6.959636469635351e-67,6.945753774802658e-67
427.0,4.5029879649952444e-67,5.899273283889773e-67,5.479476647168845e-67
428.0,3.383360978448757e-67,4.0472866572995046e-67,4.133553373727663e-67
429.0,2.6616247124313963e-67,3.1495554306457365e-67,3.178716296672234e-67
430.0,2.790301979651916e-67,3.349049848823616e-67,3.2962956595790704e-67
431.0,2.24538585535366e-67,2.6147329170893585e-67,2.561642487825423e-67
432.0,1.4804799354597692e-67,1.6343528717195438e-67,1.662374396486912e-67
433.0,1.1252667138695381e-67,1.2837630722730541e-67,1.2518385802274096e-67
434.0,1.1991186553202859e-67,1.2891548529042537e-67,1.3377963512402299e-67
435.0,9.187726953866827e-68,9.631940434540003e-68,1.0118776948034517e-67
436.0,4.971000843218578e-68,5.232021439561534e-68,5.457467663037305e-68
437.0,3.733228699951286e-68,4.44270275361519e-68,3.941599452306244e-68
438.0,3.5882351219460304e-68,3.729608484438159e-68,3.932358081919264e-68
439.0,2.0499787470530476e-68,2.164597028212338e-68,2.4176868145529937e-68
440.0,6.715512757706569e-69,6.628376395647416e-69,7.912412565989439e-69
441.0,6.667487599634681e-69,7.951628819989996e-69,8.389575885934242e-69
442.0,3.256589979299229e-69,3.1124299107415954e-69,2.6317231775807854e-69
443.0,3.024985533328165e-70,1.032396648985999e-70,5.692955207280227e-71
444.0,0.0,0.0,0.0
445.0,0.0,0.0,0.0
446.0,0.0,0.0,0.0
447.0,0.0,0.0,0.0
448.0,0.0,0.0,0.0
449.0,0.0,0.0,0.0
450.0,0.0,0.0,0.0
451.0,0.0,0.0,0.0
452.0,0.0,0.0,0.0
453.0,0.0,0.0,0.0
454.0,0.0,0.0,0.0
455.0,0.0,0.0,0.0
456.0,0.0,0.0,0.0
457.0,0.0,0.0,0.0
458.0,0.0,0.0,0.0
459.0,0.0,0.0,0.0
460.0,0.0,0.0,0.0
461.0,0.0,0.0,0.0
462.0,0.0,0.0,0.0
463.0,0.0,0.0,0.0
464.0,0.0,0.0,0.0
465.0,0.0,0.0,0.0
466.0,0.0,0.0,0.0
467.0,0.0,0.0,0.0
468.0,0.0,0.0,0.0
469.0,0.0,0.0,0.0
470.0,0.0,0.0,0.0
471.0,0.0,0.0,0.0
472.0,0.0,0.0,0.0
473.0,0.0,0.0,0.0
474.0,0.0,0.0,0.0
475.0,0.0,0.0,0.0
476.0,0.0,0.0,0.0
477.0,0.0,0.0,0.0
478.0,0.0,0.0,0.0
479.0,0.0,0.0,0.0
480.0,0.0,0.0,0.0
481.0,0.0,0.0,0.0
482.0,0.0,0.0,0.0
483.0,0.0,0.0,0.0
484.0,0.0,0.0,0.0
485.0,0.0,0.0,0.0
486.0,0.0,0.0,0.0
487.0,0.0,0.0,0.0
488.0,0.0,0.0,0.0
489.0,0.0,0.0,0.0
490.0,0.0,0.0,0.0
491.0,0.0,0.0,0.0
492.0,0.0,0.0,0.0
493.0,0.0,0.0,0.0
494.0,0.0,0.0,0.0
495.0,0.0,0.0,0.0
496.0,0.0,0.0,0.0
497.0,0.0,0.0,0.0
498.0,0.0,0.0,0.0
499.0,0.0,0.0,0.0
500.0,0.0,0.0,0.0
501.0,0.0,0.0,0.0
502.0,0.0,0.0,0.0
503.0,0.0,0.0,0.0
504.0,0.0,0.0,0.0
505.0,0.0,0.0,0.0
506.0,0.0,0.0,0.0
507.0,0.0,0.0,0.0
508.0,0.0,0.0,0.0
509.0,0.0,0.0,0.0
510.0,0.0,0.0,0.0
511.0,0.0,0.0,0.0
512.0,0.0,0.0,0.0
