tau,correlation,mean_initial,mean_evolved,variance_initial,variance_evolved,retained_fraction
0.0,1.0,0.045800463997512524,0.045800463997512524,18.450130340001454,18.450130340001454,1.0
0.001179130979490365,0.9897200252671456,0.045800463997512524,0.04514877547312781,18.450130340001454,18.44135046566067,1.0
0.00235826195898073,0.9662142776349779,0.045800463997512524,0.044580423202241336,18.450130340001454,18.4401977329347,1.0
0.0035373929384710946,0.9351824803254553,0.045800463997512524,0.04405542997836405,18.450130340001454,18.46783661903891,1.0
0.00471652391796146,0.8988810203219485,0.045800463997512524,0.04374711712882401,18.450130340001454,18.488464203402014,1.0
0.005895654897451825,0.8593944879145496,0.045800463997512524,0.04372226716497256,18.450130340001454,18.50536251361073,1.0
0.007074785876942189,0.8184867604311574,0.045800463997512524,0.0435790039681942,18.450130340001454,18.5070687232749,1.0
0.008253916856432555,0.7761098811901819,0.045800463997512524,0.04334879153817299,18.450130340001454,18.516338460467235,1.0
0.00943304783592292,0.7339395273984103,0.045800463997512524,0.04308044792954072,18.450130340001454,18.492944495618563,1.0
0.010612178815413284,0.6914681892137874,0.045800463997512524,0.04298689837249555,18.450130340001454,18.48792575217166,1.0
0.01179130979490365,0.6490354099649036,0.045800463997512524,0.04292209097146702,18.450130340001454,18.500299643682606,1.0
0.012970440774394014,0.6073769901087602,0.045800463997512524,0.04293465811254436,18.450130340001454,18.51565239355451,1.0
0.014149571753884378,0.5665870281350041,0.045800463997512524,0.04317146407495544,18.450130340001454,18.53643445040549,1.0
0.015328702733374744,0.5274641638137126,0.045800463997512524,0.04344733168131615,18.450130340001454,18.53427863176834,1.0
0.01650783371286511,0.4888765841061729,0.045800463997512524,0.04385830039017243,18.450130340001454,18.59136338722283,1.0
0.017686964692355474,0.45264854968715507,0.045800463997512524,0.044291397192526505,18.450130340001454,18.589022917710558,1.0
0.01886609567184584,0.41806114570280145,0.045800463997512524,0.044617401202986254,18.450130340001454,18.583339862401413,1.0
0.020045226651336203,0.3853435228144028,0.045800463997512524,0.04476430882670601,18.450130340001454,18.570299512156268,1.0
0.021224357630826567,0.3545487344235037,0.045800463997512524,0.04469549795275836,18.450130340001454,18.54061218166782,1.0
0.022403488610316935,0.32544733720310454,0.045800463997512524,0.04420241783860517,18.450130340001454,18.502453195640925,1.0
0.0235826195898073,0.297804629664137,0.045800463997512524,0.04364742600341726,18.450130340001454,18.500193946225803,1.0
0.024761750569297664,0.2722288557838548,0.045800463997512524,0.04326171351176649,18.450130340001454,18.45637439561961,1.0
0.025940881548788028,0.24784613378444906,0.045800463997512524,0.04271056050090794,18.450130340001454,18.47146544575125,1.0
0.027120012528278392,0.22520961079933072,0.045800463997512524,0.04225116038111441,18.450130340001454,18.48203613067608,1.0
0.028299143507768756,0.20433839818128421,0.045800463997512524,0.041898958683790496,18.450130340001454,18.467896631395675,1.0
0.029478274487259124,0.18516101942273216,0.045800463997512524,0.0418625682688817,18.450130340001454,18.433264571540203,1.0
0.03065740546674949,0.1673848986730324,0.045800463997512524,0.042250023587374334,18.450130340001454,18.42322930343799,1.0
0.031836536446239856,0.15104437735196818,0.045800463997512524,0.042812708423784505,18.450130340001454,18.406459201288342,1.0
0.03301566742573022,0.13589749543145033,0.045800463997512524,0.04351712500005368,18.450130340001454,18.399509414001763,1.0
0.034194798405220585,0.12181184434407959,0.045800463997512524,0.043940929279177685,18.450130340001454,18.428129524969705,1.0
0.03537392938471095,0.10908982328554724,0.045800463997512524,0.0439390019355978,18.450130340001454,18.37897446806123,1.0
0.03655306036420131,0.0972499639277329,0.045800463997512524,0.043310082384275916,18.450130340001454,18.39785306461368,1.0
0.03773219134369168,0.08637804747434437,0.045800463997512524,0.04243260336743617,18.450130340001454,18.40517605787969,1.0
0.03891132232318204,0.07646923091228607,0.045800463997512524,0.0412949066730926,18.450130340001454,18.40876566647037,1.0
0.040090453302672406,0.06750664305091589,0.045800463997512524,0.03980225896047024,18.450130340001454,18.40437506166231,1.0
0.04126958428216277,0.05940678826812821,0.045800463997512524,0.03839364513456565,18.450130340001454,18.37957218662578,1.0
0.042448715261653135,0.05211071204584955,0.045800463997512524,0.03731460076877083,18.450130340001454,18.37383807880943,1.0
0.0436278462411435,0.045504648523540525,0.045800463997512524,0.03641327611774717,18.450130340001454,18.39978966802045,1.0
0.04480697722063387,0.03961071924299858,0.045800463997512524,0.035722340658551316,18.450130340001454,18.42445971351681,1.0
0.045986108200124234,0.03437364807739626,0.045800463997512524,0.03590458654367193,18.450130340001454,18.382073381249356,1.0
0.0471652391796146,0.029616945830157605,0.045800463997512524,0.0365840759998577,18.450130340001454,18.35479629846897,1.0
0.04834437015910496,0.025352212666912937,0.045800463997512524,0.03774552930283727,18.450130340001454,18.331956666090633,1.0
0.04952350113859533,0.021505424067063426,0.045800463997512524,0.03929055007154182,18.450130340001454,18.305527746565826,1.0
0.05070263211808569,0.01807873596006271,0.045800463997512524,0.04100690761064598,18.450130340001454,18.272594913430147,1.0
0.051881763097576056,0.015035134586320565,0.045800463997512524,0.04245209535855257,18.450130340001454,18.262237124676595,1.0
0.05306089407706642,0.01240029512360803,0.045800463997512524,0.043871623118387965,18.450130340001454,18.272771293756634,1.0
0.054240025056556784,0.010104061372400547,0.045800463997512524,0.04508972066594287,18.450130340001454,18.287332314324548,1.0
0.05541915603604715,0.008113937363747761,0.045800463997512524,0.046011142325259595,18.450130340001454,18.283868449025295,1.0
0.05659828701553751,0.006331254123196148,0.045800463997512524,0.04649880088316421,18.450130340001454,18.28415242832378,1.0
0.057777417995027884,0.004725355092535577,0.045800463997512524,0.04659717145366483,18.450130340001454,18.267595811790997,1.0
0.05895654897451825,0.0032375725296854515,0.045800463997512524,0.046393997659143836,18.450130340001454,18.258306538991672,1.0
0.06013567995400861,0.0019391497009334042,0.045800463997512524,0.04616592845633517,18.450130340001454,18.242016667838275,1.0
0.06131481093349898,0.0007514459093968436,0.045800463997512524,0.04614886581928432,18.450130340001454,18.253257447557573,1.0
0.06249394191298934,-0.00025926898093921104,0.045800463997512524,0.045918993147760136,18.450130340001454,18.253718954765905,1.0
0.06367307289247971,-0.0010722802101077508,0.045800463997512524,0.04563774736037301,18.450130340001454,18.259357383621378,1.0
0.06485220387197008,-0.0017505540282151384,0.045800463997512524,0.04532654085925588,18.450130340001454,18.239524337120056,1.0
0.06603133485146044,-0.0023665847952160425,0.045800463997512524,0.045404495754801474,18.450130340001454,18.23011488888745,1.0
0.0672104658309508,-0.0028948686240895766,0.045800463997512524,0.04524399197473078,18.450130340001454,18.241571327082774,1.0
0.06838959681044117,-0.0033998583199730758,0.045800463997512524,0.044921757910413446,18.450130340001454,18.212166083893468,1.0
0.06956872778993153,-0.0038262209713263136,0.045800463997512524,0.04454252271023097,18.450130340001454,18.20549723432098,1.0
0.0707478587694219,-0.004190154822573797,0.045800463997512524,0.04396562083133314,18.450130340001454,18.196749642484004,1.0
0.07192698974891226,-0.004403157689747061,0.045800463997512524,0.04295835663984736,18.450130340001454,18.195236730245277,1.0
0.07310612072840263,-0.004490114597366509,0.045800463997512524,0.041823112502083024,18.450130340001454,18.168038901218246,1.0
0.07428525170789299,-0.004497415498820913,0.045800463997512524,0.04078474221476834,18.450130340001454,18.138919144176793,1.0
0.07546438268738336,-0.00445457007038205,0.045800463997512524,0.03993016171090424,18.450130340001454,18.120183712588407,1.0
0.07664351366687372,-0.0043353595390734755,0.045800463997512524,0.038960102068954956,18.450130340001454,18.102567798190098,1.0
0.07782264464636408,-0.004184068399418194,0.045800463997512524,0.03825652850533468,18.450130340001454,18.12547672653829,1.0
0.07900177562585445,-0.003991278665047296,0.045800463997512524,0.037572263078800176,18.450130340001454,18.14241038222088,1.0
0.08018090660534481,-0.0037268897700946826,0.045800463997512524,0.036906660354438174,18.450130340001454,18.140834844574403,1.0
0.08136003758483518,-0.0034412097609334484,0.045800463997512524,0.036372254599776166,18.450130340001454,18.151447556229286,1.0
0.08253916856432554,-0.003116891809290734,0.045800463997512524,0.036140349371395174,18.450130340001454,18.184103966365758,1.0
0.0837182995438159,-0.0028096743162747137,0.045800463997512524,0.03576822299634118,18.450130340001454,18.15707806002264,1.0
0.08489743052330627,-0.0024735181303457534,0.045800463997512524,0.03541025079992915,18.450130340001454,18.155790807074396,1.0
0.08607656150279663,-0.0021574497705870934,0.045800463997512524,0.03516819808044541,18.450130340001454,18.155857388086687,1.0
0.087255692482287,-0.001875702531310956,0.045800463997512524,0.03504705014702063,18.450130340001454,18.171558480337715,1.0
0.08843482346177738,-0.0015769983711276371,0.045800463997512524,0.03489325991195591,18.450130340001454,18.195830732497683,1.0
0.08961395444126774,-0.0013185925145982214,0.045800463997512524,0.03478250739568151,18.450130340001454,18.172796276565116,1.0
0.0907930854207581,-0.0010444710651982322,0.045800463997512524,0.03458936530346783,18.450130340001454,18.182514761387505,1.0
0.09197221640024847,-0.0007444983423332024,0.045800463997512524,0.0345862420941751,18.450130340001454,18.210140711244108,1.0
0.09315134737973883,-0.0004273863654471277,0.045800463997512524,0.03472612207139098,18.450130340001454,18.239338271244492,1.0
0.0943304783592292,-4.0418685614186875e-05,0.045800463997512524,0.03484614969706552,18.450130340001454,18.27403822827019,1.0
0.09550960933871956,0.00035740826313564156,0.045800463997512524,0.03516419196945407,18.450130340001454,18.318218698247755,1.0
0.09668874031820993,0.0006680166019306508,0.045800463997512524,0.035636905014262484,18.450130340001454,18.299051705523166,1.0
0.09786787129770029,0.0009017780280275102,0.045800463997512524,0.03615470636869171,18.450130340001454,18.294221569104444,1.0
0.09904700227719065,0.0011276549380336103,0.045800463997512524,0.036854989122109647,18.450130340001454,18.32233942126059,1.0
0.10022613325668102,0.0013515837335175628,0.045800463997512524,0.037269412255372725,18.450130340001454,18.29036817885855,1.0
0.10140526423617138,0.0015205042841483964,0.045800463997512524,0.037889033988829625,18.450130340001454,18.312838047277776,1.0
0.10258439521566175,0.0016498692621813651,0.045800463997512524,0.03878630223077529,18.450130340001454,18.375680646841822,1.0
0.10376352619515211,0.0017945357058164269,0.045800463997512524,0.039549696748759085,18.450130340001454,18.361629448813456,1.0
0.10494265717464248,0.0018522637854064613,0.045800463997512524,0.040127982543878685,18.450130340001454,18.420458718416796,1.0
0.10612178815413284,0.0017995536273289411,0.045800463997512524,0.04055182448728809,18.450130340001454,18.4554622218992,1.0
0.1073009191336232,0.001673133881896763,0.045800463997512524,0.04078813381891939,18.450130340001454,18.468130709167973,1.0
0.10848005011311357,0.0015317390268831266,0.045800463997512524,0.040538025466854616,18.450130340001454,18.48355224491913,1.0
0.10965918109260393,0.0013654697434532163,0.045800463997512524,0.040100536321969214,18.450130340001454,18.5058813499704,1.0
0.1108383120720943,0.001214261498820351,0.045800463997512524,0.03988555183538977,18.450130340001454,18.534347388773387,1.0
0.11201744305158466,0.0010748722872027752,0.045800463997512524,0.03978248011109061,18.450130340001454,18.551517022632346,1.0
0.11319657403107503,0.0009604340760027034,0.045800463997512524,0.03974606113122989,18.450130340001454,18.539198580887085,1.0
0.1143757050105654,0.0009294694344083695,0.045800463997512524,0.03960577424545661,18.450130340001454,18.534856324491447,1.0
0.11555483599005577,0.0008350312876288235,0.045800463997512524,0.039371066240221034,18.450130340001454,18.517090156455275,1.0
0.11673396696954613,0.0007779554614553711,0.045800463997512524,0.03892372639134559,18.450130340001454,18.51725149324609,1.0
